,2017-06-22,2017-06-21,2017-06-20,2017-06-19,2017-06-05,2017-06-06,2017-06-07,2017-06-08,2017-06-09,2017-06-10,2017-06-11,2017-06-12,2017-06-13,2017-06-14,2017-06-15,2017-06-16,2017-06-17,2017-06-18
0,"[63865, 23762, 11473, 6072, 3587, 2390, 2232, 2583, 3065, 3232, 2990, 3014, 2766, 2379, 1925, 1561, 1268, 958, 797, 695, 526, 415, 376, 274, 207, 223, 191, 172, 143, 119, 105, 91, 83, 82, 94, 104, 79, 111, 92, 1405]","[44831, 17566, 8876, 4813, 2887, 2006, 1670, 1732, 1880, 2064, 2050, 2001, 2110, 1991, 1692, 1396, 1116, 981, 755, 586, 506, 358, 297, 269, 210, 207, 165, 136, 117, 102, 93, 98, 72, 72, 67, 62, 55, 67, 57, 1065]","[39335, 15455, 7525, 4466, 2506, 1733, 1671, 1961, 2273, 2265, 2104, 2109, 1962, 1596, 1320, 1083, 885, 665, 568, 439, 394, 310, 269, 170, 199, 146, 167, 126, 100, 86, 83, 80, 87, 67, 73, 76, 76, 51, 79, 1038]","[39001, 15166, 7159, 4123, 2426, 1812, 1700, 1891, 2346, 2490, 2354, 2109, 1950, 1725, 1275, 1114, 901, 708, 591, 447, 384, 291, 243, 229, 179, 164, 145, 123, 117, 100, 79, 87, 94, 101, 89, 91, 86, 93, 64, 1215]","[45846, 16892, 8454, 4759, 2697, 1944, 1829, 2155, 2545, 2535, 2290, 2364, 2180, 1894, 1543, 1172, 1017, 724, 585, 470, 418, 268, 268, 228, 212, 167, 162, 140, 110, 98, 80, 71, 92, 92, 93, 76, 80, 90, 78, 1226]","[42382, 16516, 8203, 4750, 2672, 1932, 1878, 2109, 2423, 2512, 2281, 2194, 2027, 1683, 1362, 1022, 890, 696, 535, 465, 386, 312, 247, 276, 191, 189, 151, 132, 116, 104, 69, 74, 83, 66, 68, 66, 67, 82, 69, 1107]","[40017, 15724, 7863, 4593, 2689, 1811, 1513, 1605, 1830, 1923, 1932, 2064, 2117, 1950, 1660, 1333, 1091, 841, 656, 541, 440, 379, 281, 252, 224, 190, 158, 135, 127, 102, 87, 90, 80, 69, 68, 72, 65, 74, 68, 1110]","[41526, 16463, 8540, 5169, 3003, 2283, 2207, 2147, 2469, 2545, 2257, 2008, 1738, 1475, 1237, 967, 792, 570, 505, 438, 338, 287, 261, 220, 170, 176, 133, 115, 121, 110, 88, 85, 58, 53, 76, 95, 77, 58, 78, 996]","[38832, 15663, 7708, 4357, 2590, 1806, 1685, 1720, 1856, 1871, 2050, 2034, 2006, 1916, 1669, 1313, 1156, 864, 716, 567, 449, 353, 245, 217, 168, 174, 161, 128, 105, 85, 101, 78, 69, 72, 62, 70, 55, 72, 66, 1018]","[43071, 18595, 10075, 5855, 3309, 2169, 1874, 1841, 2064, 2160, 2108, 1984, 2004, 1845, 1582, 1212, 1046, 822, 584, 510, 389, 306, 296, 220, 190, 169, 145, 133, 110, 92, 68, 86, 73, 85, 76, 75, 58, 78, 64, 1148]","[46480, 18979, 10213, 5783, 3149, 2120, 1940, 2376, 2716, 2787, 2554, 2459, 2284, 1905, 1504, 1139, 912, 742, 597, 513, 364, 326, 271, 220, 201, 161, 148, 137, 117, 105, 103, 87, 73, 77, 90, 80, 82, 78, 82, 1121]","[45581, 17321, 8399, 4786, 2707, 2037, 1936, 2162, 2438, 2418, 2415, 2346, 2113, 1896, 1599, 1275, 1089, 831, 638, 525, 391, 357, 307, 233, 219, 169, 161, 131, 98, 88, 93, 80, 78, 91, 79, 84, 70, 76, 75, 1095]","[44135, 17389, 8326, 4617, 2653, 1943, 1799, 2055, 2421, 2439, 2309, 2204, 2103, 1819, 1473, 1131, 970, 691, 636, 461, 390, 339, 256, 226, 197, 186, 165, 116, 103, 101, 78, 74, 75, 86, 86, 73, 54, 79, 66, 1102]","[41870, 16080, 7698, 4209, 2640, 1928, 1764, 2181, 2300, 2410, 2118, 2127, 1946, 1756, 1435, 1154, 885, 720, 537, 511, 396, 309, 286, 258, 199, 176, 161, 120, 107, 103, 92, 87, 75, 87, 65, 73, 74, 81, 75, 1177]","[42428, 15884, 7716, 4331, 2495, 1782, 1795, 2050, 2388, 2437, 2260, 2255, 2094, 1920, 1565, 1177, 925, 692, 558, 528, 443, 336, 301, 265, 185, 189, 178, 142, 96, 98, 102, 69, 80, 77, 74, 60, 76, 64, 65, 1065]","[50196, 19135, 9197, 4506, 2794, 1987, 1899, 2113, 2396, 2462, 2452, 2410, 2240, 2035, 1699, 1394, 1178, 942, 755, 566, 491, 353, 364, 299, 212, 210, 165, 150, 129, 123, 91, 94, 84, 79, 98, 90, 86, 84, 72, 1265]","[42015, 16551, 7814, 4514, 2401, 1774, 1860, 2489, 2887, 2880, 2593, 2331, 2004, 1664, 1425, 1058, 841, 684, 569, 463, 382, 295, 258, 218, 179, 174, 166, 132, 111, 86, 95, 87, 93, 91, 80, 95, 79, 78, 74, 1137]","[46266, 18195, 8778, 4868, 2752, 1828, 1788, 2160, 2514, 2589, 2446, 2362, 2281, 1982, 1665, 1301, 1137, 898, 710, 609, 493, 426, 321, 256, 234, 253, 187, 154, 124, 109, 91, 76, 88, 80, 79, 98, 75, 67, 62, 1305]"
1,"[40761, 15141, 6825, 3832, 2228, 1542, 1437, 1619, 1971, 2305, 2189, 2214, 2117, 1927, 1586, 1249, 1061, 764, 620, 500, 438, 366, 266, 243, 196, 176, 158, 117, 114, 92, 85, 77, 70, 62, 72, 76, 68, 74, 81, 1017]","[28444, 10449, 4952, 2698, 1775, 1250, 1162, 1279, 1380, 1483, 1451, 1443, 1440, 1290, 1104, 911, 788, 587, 456, 410, 304, 256, 212, 170, 159, 132, 101, 106, 86, 76, 43, 46, 37, 49, 42, 64, 43, 43, 41, 655]","[23996, 9018, 4509, 2590, 1499, 1030, 984, 1011, 1213, 1359, 1288, 1407, 1479, 1298, 1121, 929, 767, 620, 439, 408, 337, 278, 212, 167, 158, 125, 119, 102, 81, 73, 79, 53, 66, 53, 51, 56, 60, 41, 51, 802]","[24132, 8779, 4049, 2448, 1404, 1032, 942, 1078, 1267, 1332, 1227, 1359, 1491, 1364, 1191, 984, 780, 665, 531, 408, 335, 272, 242, 209, 161, 147, 137, 107, 81, 68, 75, 63, 62, 45, 55, 54, 42, 43, 48, 791]","[26970, 9740, 4426, 2505, 1499, 1142, 1137, 1170, 1434, 1535, 1501, 1679, 1738, 1509, 1143, 873, 750, 606, 473, 382, 330, 290, 233, 181, 167, 131, 116, 105, 97, 73, 69, 64, 45, 50, 60, 51, 68, 47, 47, 799]","[26136, 9066, 4236, 2585, 1483, 1108, 1088, 1243, 1443, 1511, 1487, 1580, 1450, 1246, 1036, 803, 713, 510, 434, 387, 300, 248, 200, 166, 171, 145, 123, 104, 88, 60, 79, 67, 66, 66, 63, 53, 55, 52, 53, 766]","[25641, 8600, 4220, 2588, 1588, 1123, 1012, 1102, 1261, 1345, 1284, 1448, 1404, 1373, 1126, 882, 783, 590, 532, 408, 341, 277, 226, 193, 170, 142, 120, 107, 85, 77, 67, 57, 75, 69, 49, 48, 49, 52, 52, 798]","[25404, 9275, 4183, 2767, 1635, 1281, 1193, 1343, 1571, 1549, 1413, 1341, 1199, 1133, 985, 886, 712, 574, 433, 358, 299, 254, 227, 201, 173, 153, 131, 112, 111, 99, 93, 80, 71, 66, 78, 70, 61, 54, 59, 1068]","[25072, 9559, 4608, 2707, 1681, 1177, 1143, 1103, 1196, 1368, 1369, 1443, 1548, 1445, 1290, 1033, 819, 645, 512, 416, 328, 246, 191, 169, 133, 120, 103, 89, 65, 76, 61, 42, 40, 55, 59, 49, 47, 42, 41, 737]","[26682, 10019, 4749, 2967, 1613, 1109, 1155, 1255, 1317, 1502, 1470, 1434, 1490, 1316, 1169, 896, 830, 601, 485, 363, 326, 208, 180, 172, 128, 125, 107, 106, 93, 71, 56, 55, 45, 40, 41, 55, 36, 49, 40, 663]","[29620, 10812, 5193, 3097, 1773, 1180, 1129, 1487, 1789, 1789, 1747, 1681, 1595, 1471, 1261, 1038, 853, 688, 520, 443, 375, 307, 244, 185, 168, 141, 141, 115, 90, 85, 74, 53, 55, 54, 58, 49, 48, 45, 57, 826]","[29016, 10732, 4898, 3024, 1792, 1243, 1264, 1535, 1710, 1767, 1609, 1624, 1581, 1454, 1266, 1006, 831, 714, 554, 477, 380, 288, 266, 187, 157, 142, 139, 104, 96, 91, 68, 79, 60, 56, 58, 63, 61, 61, 68, 920]","[27610, 9956, 4473, 2743, 1604, 1211, 1188, 1259, 1533, 1505, 1563, 1501, 1527, 1410, 1221, 991, 853, 664, 538, 480, 352, 286, 258, 211, 164, 138, 125, 121, 87, 103, 68, 63, 60, 60, 50, 61, 37, 48, 36, 842]","[26057, 9862, 4738, 2645, 1645, 1151, 1165, 1390, 1620, 1727, 1605, 1508, 1468, 1262, 1060, 897, 730, 575, 484, 413, 292, 254, 216, 163, 145, 130, 108, 110, 75, 74, 62, 54, 58, 57, 55, 56, 42, 47, 50, 710]","[27678, 9677, 4656, 2835, 1631, 1125, 1119, 1255, 1430, 1516, 1487, 1657, 1610, 1524, 1241, 1032, 847, 686, 571, 443, 384, 280, 231, 198, 173, 144, 125, 122, 72, 89, 67, 60, 56, 49, 51, 48, 42, 48, 39, 774]","[33945, 11956, 5664, 3283, 1884, 1348, 1205, 1467, 1775, 1886, 1773, 1775, 1745, 1542, 1339, 1015, 894, 669, 553, 444, 352, 313, 251, 230, 181, 159, 146, 133, 120, 87, 77, 77, 60, 73, 54, 67, 62, 47, 55, 882]","[28279, 10450, 5215, 3127, 1797, 1235, 1300, 1674, 1891, 1922, 1822, 1791, 1567, 1383, 1219, 931, 718, 664, 525, 419, 353, 294, 239, 189, 168, 171, 120, 87, 74, 74, 59, 65, 69, 66, 41, 70, 55, 52, 45, 794]","[30648, 11131, 5033, 2903, 1884, 1296, 1359, 1610, 1953, 2033, 1861, 1827, 1777, 1510, 1372, 1054, 878, 710, 556, 433, 351, 274, 243, 222, 189, 146, 145, 98, 97, 85, 80, 70, 62, 57, 63, 44, 47, 70, 50, 914]"
2,"[24275, 9561, 5272, 3016, 1908, 1186, 964, 1107, 1294, 1430, 1471, 1431, 1437, 1336, 1117, 924, 841, 641, 526, 455, 352, 295, 214, 213, 180, 161, 108, 84, 100, 84, 85, 59, 51, 45, 46, 44, 38, 40, 42, 682]","[19531, 8681, 5436, 3424, 1953, 1200, 978, 948, 1044, 1163, 1201, 1151, 1185, 1080, 910, 698, 635, 507, 384, 333, 270, 228, 192, 119, 119, 96, 84, 75, 70, 54, 56, 49, 40, 39, 39, 36, 35, 24, 23, 523]","[17344, 7284, 4583, 2884, 1627, 1075, 874, 1006, 1009, 1093, 1006, 1071, 1126, 946, 857, 671, 608, 514, 373, 271, 261, 198, 167, 170, 130, 93, 81, 79, 57, 39, 54, 52, 35, 43, 42, 39, 33, 38, 29, 560]","[16057, 6005, 3159, 2310, 1361, 843, 666, 776, 944, 1067, 1063, 1108, 1146, 1048, 835, 722, 592, 478, 437, 337, 216, 231, 178, 142, 146, 113, 109, 94, 70, 49, 67, 54, 40, 49, 45, 42, 44, 26, 27, 633]","[18740, 7385, 4322, 2905, 1533, 957, 898, 1080, 1201, 1348, 1254, 1257, 1149, 1039, 823, 688, 572, 455, 378, 291, 269, 213, 161, 163, 130, 111, 103, 90, 55, 70, 66, 54, 41, 54, 38, 34, 27, 38, 34, 571]","[18131, 7341, 4267, 3125, 1560, 1061, 995, 1006, 1210, 1287, 1156, 1227, 1196, 1038, 880, 691, 583, 456, 388, 326, 284, 237, 176, 157, 142, 111, 123, 82, 80, 64, 57, 47, 40, 45, 45, 34, 44, 34, 26, 590]","[16415, 6217, 3644, 2482, 1417, 1012, 768, 844, 879, 945, 919, 977, 972, 982, 884, 708, 646, 466, 426, 297, 307, 234, 189, 147, 126, 112, 143, 73, 66, 82, 62, 57, 73, 42, 55, 44, 39, 40, 33, 585]","[17635, 7652, 4428, 3132, 1767, 1191, 1061, 966, 1147, 1338, 1249, 1224, 1072, 977, 780, 626, 512, 420, 334, 252, 213, 161, 122, 119, 91, 107, 76, 71, 51, 59, 44, 33, 30, 42, 32, 36, 40, 41, 41, 559]","[17571, 7564, 4493, 2952, 1577, 1131, 971, 967, 1173, 1215, 1144, 1074, 1012, 834, 774, 638, 488, 433, 293, 240, 207, 168, 111, 102, 72, 91, 90, 60, 63, 56, 49, 46, 36, 40, 33, 21, 33, 29, 31, 495]","[18329, 8078, 5043, 3306, 1773, 1116, 928, 971, 1089, 1244, 1135, 1182, 1152, 1111, 929, 789, 690, 507, 445, 321, 277, 227, 146, 155, 140, 120, 98, 86, 56, 66, 54, 44, 38, 51, 40, 35, 42, 42, 40, 549]","[19515, 8305, 4557, 2918, 1591, 1038, 910, 1076, 1125, 1365, 1232, 1122, 1269, 1138, 945, 819, 718, 555, 430, 364, 300, 223, 201, 176, 161, 100, 115, 108, 91, 67, 60, 61, 51, 36, 33, 38, 46, 37, 26, 591]","[18423, 7643, 4375, 2899, 1557, 1036, 928, 995, 1184, 1319, 1191, 1134, 1152, 1016, 866, 679, 598, 484, 398, 320, 291, 216, 214, 172, 149, 132, 106, 104, 71, 70, 67, 45, 46, 44, 52, 31, 39, 40, 41, 619]","[18211, 7538, 4593, 3024, 1598, 1098, 978, 945, 1089, 1191, 1159, 1220, 1072, 961, 864, 729, 606, 472, 406, 348, 269, 198, 167, 155, 122, 123, 101, 106, 63, 71, 55, 49, 60, 38, 27, 34, 44, 38, 32, 647]","[17830, 7899, 4865, 3187, 1668, 1116, 997, 1095, 1182, 1334, 1202, 1189, 1159, 979, 853, 698, 614, 490, 439, 345, 280, 248, 205, 188, 167, 126, 127, 83, 92, 85, 44, 54, 47, 60, 47, 39, 32, 44, 39, 628]","[18170, 7914, 4979, 3259, 1836, 1111, 938, 941, 1027, 1145, 1122, 1159, 1122, 1109, 890, 731, 613, 514, 424, 334, 307, 246, 209, 195, 136, 138, 100, 89, 87, 72, 60, 53, 42, 54, 52, 43, 35, 29, 42, 668]","[24738, 10697, 6618, 4277, 2223, 1369, 1122, 1124, 1196, 1385, 1457, 1485, 1432, 1428, 1139, 939, 777, 567, 481, 402, 307, 283, 214, 181, 152, 149, 117, 119, 82, 70, 74, 71, 57, 48, 55, 50, 31, 38, 37, 699]","[20479, 9836, 6603, 4185, 2090, 1292, 1109, 1165, 1290, 1426, 1395, 1300, 1286, 1150, 956, 809, 650, 553, 450, 350, 305, 234, 194, 150, 147, 130, 101, 97, 73, 76, 64, 59, 56, 49, 54, 46, 40, 33, 39, 620]","[20833, 9346, 6100, 3708, 2027, 1269, 976, 1128, 1235, 1302, 1350, 1332, 1239, 1113, 966, 759, 617, 581, 454, 362, 309, 281, 203, 214, 160, 132, 100, 95, 96, 65, 60, 49, 48, 48, 57, 52, 57, 43, 43, 689]"
3,"[17663, 5817, 3176, 2088, 1290, 852, 723, 803, 994, 1113, 1069, 1032, 1007, 986, 884, 725, 655, 550, 406, 358, 278, 227, 217, 164, 140, 125, 90, 74, 75, 62, 55, 46, 55, 48, 40, 26, 39, 26, 24, 494]","[11965, 4577, 2711, 1848, 1145, 657, 607, 632, 668, 725, 758, 794, 808, 757, 694, 639, 511, 420, 343, 282, 245, 183, 179, 137, 118, 80, 91, 74, 64, 59, 50, 42, 42, 43, 45, 30, 23, 34, 30, 476]","[10889, 4114, 2265, 1650, 1010, 668, 539, 542, 609, 681, 715, 805, 767, 692, 627, 573, 436, 399, 296, 283, 230, 160, 146, 133, 107, 93, 66, 66, 60, 45, 40, 40, 30, 21, 38, 31, 27, 27, 22, 516]","[10250, 3786, 2034, 1371, 860, 586, 523, 571, 679, 682, 723, 741, 739, 680, 592, 569, 458, 385, 330, 261, 208, 213, 161, 135, 133, 109, 75, 71, 66, 59, 52, 43, 38, 19, 29, 27, 30, 25, 38, 427]","[12199, 4245, 2178, 1584, 985, 619, 596, 709, 778, 759, 830, 816, 835, 667, 652, 561, 437, 338, 309, 278, 229, 187, 172, 113, 104, 87, 66, 79, 64, 57, 53, 45, 30, 26, 42, 34, 29, 33, 27, 589]","[11217, 3854, 2214, 1689, 932, 625, 539, 504, 640, 733, 700, 804, 809, 845, 677, 596, 492, 437, 367, 319, 217, 219, 183, 158, 115, 93, 93, 83, 69, 75, 48, 44, 43, 39, 35, 38, 32, 31, 26, 517]","[10366, 3684, 2090, 1606, 868, 582, 501, 525, 614, 697, 696, 779, 779, 746, 649, 544, 412, 327, 271, 232, 188, 167, 121, 121, 86, 92, 51, 75, 52, 56, 50, 31, 42, 30, 33, 29, 31, 25, 29, 433]","[11013, 3934, 2320, 1960, 1070, 636, 619, 705, 756, 854, 820, 849, 853, 739, 667, 562, 475, 363, 271, 244, 190, 171, 125, 97, 97, 96, 70, 69, 60, 60, 29, 38, 44, 46, 27, 25, 17, 28, 19, 414]","[11522, 4004, 2386, 2001, 972, 638, 550, 657, 817, 778, 853, 888, 850, 710, 598, 522, 406, 366, 273, 244, 214, 142, 120, 104, 86, 80, 75, 64, 41, 39, 40, 38, 39, 35, 33, 35, 28, 28, 28, 481]","[10997, 4365, 2335, 1954, 1040, 612, 532, 636, 646, 795, 723, 762, 839, 852, 614, 582, 475, 416, 335, 254, 194, 172, 141, 121, 110, 88, 91, 66, 65, 58, 56, 40, 33, 36, 32, 34, 43, 24, 19, 553]","[12512, 4792, 2649, 2199, 1000, 641, 630, 708, 935, 1006, 930, 897, 863, 789, 690, 591, 496, 398, 343, 291, 212, 184, 155, 124, 113, 108, 80, 89, 69, 62, 51, 40, 42, 34, 44, 35, 17, 25, 36, 546]","[11403, 4321, 2485, 1931, 1073, 662, 639, 792, 906, 994, 911, 870, 789, 747, 632, 556, 437, 361, 274, 219, 208, 167, 159, 132, 95, 77, 87, 68, 56, 51, 45, 60, 51, 37, 24, 32, 36, 28, 27, 478]","[11335, 4169, 2274, 1697, 891, 641, 622, 657, 870, 895, 890, 808, 803, 802, 606, 521, 428, 339, 302, 278, 220, 180, 156, 120, 99, 101, 87, 68, 73, 71, 37, 37, 33, 33, 36, 33, 33, 30, 27, 468]","[11635, 4047, 2063, 1627, 945, 596, 618, 748, 784, 924, 859, 851, 798, 762, 711, 571, 522, 436, 328, 267, 230, 192, 160, 141, 113, 105, 84, 72, 75, 45, 43, 54, 46, 45, 44, 41, 34, 32, 28, 552]","[12495, 4545, 2495, 2045, 1157, 662, 614, 701, 823, 949, 865, 860, 858, 789, 733, 573, 443, 397, 318, 296, 240, 193, 177, 139, 113, 105, 94, 70, 70, 47, 63, 40, 34, 31, 35, 37, 23, 24, 27, 474]","[14559, 5426, 2791, 2241, 1012, 778, 702, 825, 980, 1152, 1147, 1121, 1075, 889, 740, 633, 527, 408, 345, 312, 258, 214, 171, 154, 117, 110, 97, 74, 91, 59, 66, 69, 52, 51, 36, 28, 30, 30, 41, 450]","[14336, 4656, 2422, 1949, 2145, 675, 571, 819, 810, 902, 839, 938, 911, 860, 764, 659, 526, 440, 358, 307, 244, 211, 187, 156, 134, 109, 100, 61, 78, 52, 49, 41, 33, 29, 38, 30, 32, 24, 23, 494]","[13129, 5531, 3256, 2214, 1232, 742, 647, 729, 830, 905, 941, 974, 906, 894, 791, 608, 558, 457, 386, 329, 235, 214, 169, 191, 138, 106, 120, 85, 70, 69, 66, 40, 48, 43, 44, 48, 42, 36, 36, 654]"
4,"[13309, 4843, 2771, 1845, 1249, 783, 627, 622, 797, 885, 916, 971, 929, 936, 766, 623, 598, 472, 371, 303, 260, 228, 174, 149, 127, 90, 94, 86, 67, 62, 48, 48, 38, 39, 46, 45, 43, 40, 25, 627]","[10686, 4046, 2347, 1579, 1071, 657, 544, 538, 633, 677, 701, 766, 813, 810, 683, 599, 529, 404, 356, 321, 257, 203, 165, 151, 135, 101, 90, 89, 62, 47, 49, 39, 30, 29, 30, 32, 34, 27, 28, 489]","[9177, 3747, 2403, 1742, 1175, 665, 509, 502, 549, 625, 710, 680, 693, 651, 578, 468, 466, 391, 290, 241, 173, 152, 145, 123, 108, 79, 82, 49, 60, 55, 41, 30, 32, 30, 38, 33, 37, 26, 25, 394]","[8247, 3081, 1997, 1804, 943, 588, 441, 538, 604, 608, 680, 688, 694, 645, 572, 500, 400, 336, 269, 251, 222, 181, 134, 127, 104, 104, 92, 64, 61, 59, 64, 35, 31, 34, 37, 23, 25, 30, 22, 438]","[10292, 3669, 2143, 1628, 1068, 658, 516, 467, 573, 635, 611, 738, 811, 730, 693, 590, 544, 445, 392, 305, 281, 245, 220, 166, 162, 132, 131, 112, 86, 73, 67, 66, 60, 50, 45, 51, 45, 41, 40, 735]","[9341, 3352, 2044, 1762, 1007, 610, 467, 485, 541, 631, 671, 824, 846, 809, 704, 604, 502, 445, 357, 320, 258, 188, 165, 152, 135, 112, 85, 94, 66, 63, 60, 51, 44, 46, 37, 35, 36, 36, 27, 562]","[9238, 3259, 2032, 1756, 1000, 624, 461, 457, 532, 531, 661, 833, 806, 809, 753, 604, 535, 468, 397, 322, 249, 223, 180, 144, 129, 95, 97, 77, 85, 57, 43, 52, 42, 57, 44, 38, 23, 42, 30, 529]","[9962, 3832, 2512, 2446, 1188, 670, 557, 656, 735, 946, 932, 886, 836, 714, 651, 503, 464, 334, 241, 236, 162, 167, 131, 118, 82, 79, 87, 54, 59, 62, 42, 47, 36, 36, 25, 21, 33, 31, 29, 438]","[9777, 3458, 2083, 2117, 1043, 591, 555, 518, 631, 721, 755, 773, 753, 709, 544, 496, 414, 377, 304, 220, 199, 179, 125, 108, 84, 82, 66, 61, 60, 57, 41, 31, 34, 30, 38, 29, 29, 26, 23, 476]","[9018, 3813, 2393, 2167, 1150, 661, 489, 542, 548, 636, 632, 712, 721, 683, 669, 481, 479, 383, 304, 264, 212, 162, 161, 120, 116, 92, 77, 98, 56, 56, 43, 43, 44, 38, 28, 37, 26, 20, 31, 475]","[9197, 3576, 2100, 1765, 1121, 636, 457, 499, 538, 628, 605, 656, 741, 772, 657, 597, 542, 400, 382, 283, 283, 229, 170, 153, 117, 96, 102, 82, 73, 66, 56, 47, 49, 30, 39, 33, 26, 30, 32, 547]","[9434, 3647, 2341, 2025, 981, 599, 513, 530, 702, 733, 741, 788, 811, 746, 677, 590, 443, 419, 357, 255, 216, 208, 155, 137, 117, 104, 81, 76, 69, 58, 46, 52, 47, 36, 47, 40, 32, 27, 30, 443]","[10481, 3969, 2420, 1998, 930, 587, 526, 621, 701, 764, 847, 777, 774, 661, 577, 500, 457, 362, 308, 251, 226, 180, 133, 140, 106, 83, 94, 68, 59, 49, 49, 34, 39, 39, 42, 33, 42, 28, 38, 448]","[9958, 3977, 2357, 1847, 1037, 619, 573, 551, 652, 713, 649, 767, 778, 666, 612, 505, 426, 358, 305, 250, 222, 199, 170, 137, 119, 99, 88, 69, 66, 57, 47, 55, 42, 46, 45, 33, 37, 29, 29, 691]","[10910, 3926, 2511, 2170, 1222, 675, 554, 600, 651, 793, 860, 840, 813, 774, 720, 586, 434, 400, 320, 279, 247, 187, 162, 143, 120, 95, 76, 97, 84, 69, 52, 42, 42, 45, 33, 28, 26, 29, 24, 500]","[12779, 5017, 2936, 2378, 1112, 718, 582, 767, 946, 1158, 1077, 1044, 1108, 886, 817, 598, 501, 419, 332, 308, 233, 205, 175, 147, 123, 97, 89, 81, 69, 57, 66, 41, 34, 39, 33, 41, 31, 31, 27, 477]","[13705, 4046, 2598, 2089, 3224, 747, 580, 1184, 781, 679, 705, 786, 822, 746, 635, 558, 479, 392, 329, 298, 218, 190, 166, 128, 127, 109, 90, 65, 55, 53, 53, 51, 55, 30, 34, 20, 31, 37, 20, 515]","[9072, 3893, 2511, 2021, 1021, 607, 485, 502, 551, 637, 713, 696, 775, 682, 555, 518, 472, 382, 333, 248, 238, 191, 183, 156, 103, 89, 85, 75, 71, 49, 49, 50, 47, 31, 39, 25, 24, 34, 31, 516]"
5,"[13332, 5036, 3038, 1928, 1603, 1047, 749, 721, 789, 878, 998, 1129, 1176, 1183, 1060, 876, 742, 581, 480, 382, 332, 271, 209, 171, 143, 141, 125, 91, 84, 76, 61, 64, 46, 51, 41, 42, 33, 27, 41, 638]","[14253, 5692, 3358, 2456, 1687, 945, 797, 902, 999, 1015, 1079, 1120, 1145, 1024, 896, 755, 625, 516, 488, 358, 333, 271, 200, 163, 169, 134, 115, 101, 83, 67, 55, 58, 44, 42, 46, 45, 41, 44, 21, 623]","[10612, 4493, 3014, 2041, 1476, 872, 630, 646, 618, 719, 812, 851, 921, 832, 747, 641, 498, 492, 364, 332, 245, 228, 169, 151, 116, 106, 114, 91, 63, 60, 47, 47, 43, 36, 39, 31, 32, 34, 28, 558]","[9739, 4045, 2863, 2491, 1563, 824, 629, 630, 737, 759, 864, 832, 877, 825, 720, 609, 524, 446, 381, 327, 232, 215, 173, 165, 124, 122, 86, 73, 76, 54, 65, 52, 44, 42, 32, 38, 32, 25, 23, 548]","[14346, 6363, 3962, 2896, 1739, 1056, 858, 690, 737, 864, 989, 1037, 1018, 1037, 847, 796, 654, 514, 456, 415, 291, 277, 206, 199, 195, 156, 114, 119, 89, 87, 84, 68, 57, 57, 47, 59, 34, 38, 31, 717]","[13481, 6467, 4048, 3237, 1638, 979, 856, 753, 956, 1048, 1197, 1186, 1073, 908, 801, 662, 569, 423, 373, 297, 267, 227, 154, 138, 126, 106, 90, 81, 92, 58, 46, 48, 39, 41, 42, 34, 31, 39, 33, 587]","[12778, 5749, 3802, 3048, 1727, 1103, 921, 792, 882, 1019, 966, 935, 907, 874, 771, 663, 572, 491, 399, 366, 294, 241, 223, 193, 189, 138, 123, 129, 117, 107, 72, 91, 69, 75, 64, 55, 56, 62, 59, 1188]","[14534, 6077, 3608, 2474, 1784, 1180, 869, 834, 911, 1056, 1152, 1189, 1213, 1183, 930, 792, 662, 569, 409, 302, 259, 214, 172, 131, 121, 108, 103, 79, 73, 63, 49, 52, 36, 46, 53, 34, 38, 45, 25, 556]","[13815, 6302, 3899, 2782, 1693, 966, 792, 755, 884, 955, 1056, 1133, 1105, 1024, 908, 757, 557, 461, 379, 306, 262, 224, 165, 142, 108, 98, 109, 84, 75, 50, 55, 35, 46, 40, 29, 32, 47, 33, 26, 529]","[11607, 4763, 2969, 2454, 1271, 809, 606, 642, 718, 838, 882, 972, 970, 894, 820, 662, 566, 488, 342, 285, 300, 203, 173, 120, 135, 105, 89, 86, 59, 64, 48, 43, 32, 35, 18, 30, 26, 29, 30, 460]","[10729, 4176, 2625, 2160, 1291, 747, 624, 618, 693, 753, 817, 918, 917, 941, 794, 713, 601, 477, 382, 377, 290, 255, 190, 185, 152, 134, 110, 111, 87, 67, 65, 64, 52, 42, 51, 39, 38, 40, 41, 701]","[11976, 5356, 3513, 2697, 1336, 864, 809, 780, 984, 1121, 1103, 1153, 1072, 934, 803, 689, 569, 456, 393, 321, 262, 200, 155, 143, 129, 120, 101, 85, 69, 58, 57, 47, 58, 42, 44, 30, 39, 30, 24, 570]","[13962, 6632, 4272, 3189, 1660, 1070, 876, 910, 1013, 1079, 1193, 1154, 1144, 996, 809, 710, 524, 447, 354, 265, 268, 190, 188, 148, 132, 131, 104, 95, 84, 89, 65, 51, 50, 44, 39, 35, 42, 30, 36, 759]","[12612, 5510, 3426, 2293, 1544, 1044, 762, 784, 762, 895, 857, 948, 954, 905, 792, 767, 687, 544, 468, 400, 342, 250, 237, 199, 200, 155, 150, 125, 111, 91, 97, 86, 86, 64, 62, 62, 45, 45, 36, 851]","[14181, 7153, 4958, 3453, 2021, 1068, 870, 800, 920, 1031, 1207, 1209, 1211, 1105, 943, 748, 633, 534, 443, 390, 302, 276, 193, 177, 136, 136, 125, 97, 88, 73, 57, 66, 54, 51, 46, 33, 40, 39, 31, 722]","[15602, 6664, 4047, 2628, 2048, 1311, 829, 774, 847, 1050, 1198, 1386, 1402, 1238, 1088, 929, 744, 571, 532, 388, 326, 279, 226, 159, 170, 149, 104, 108, 98, 81, 87, 60, 51, 58, 33, 51, 58, 42, 33, 770]","[13890, 3965, 2475, 2125, 2790, 892, 634, 900, 853, 796, 813, 1018, 1038, 986, 894, 839, 658, 514, 422, 369, 306, 232, 226, 187, 149, 117, 96, 78, 75, 60, 55, 50, 53, 47, 30, 30, 40, 42, 44, 590]","[9175, 3535, 2276, 2069, 1429, 774, 558, 532, 567, 653, 716, 823, 844, 786, 727, 602, 538, 449, 435, 323, 251, 206, 207, 154, 127, 121, 119, 94, 90, 74, 60, 53, 54, 42, 36, 29, 33, 40, 32, 536]"
6,"[22164, 9583, 6364, 3974, 2804, 1758, 1231, 1175, 1187, 1349, 1413, 1544, 1533, 1364, 1195, 948, 864, 651, 560, 439, 356, 258, 246, 183, 170, 144, 116, 83, 102, 83, 60, 62, 45, 48, 42, 34, 43, 44, 36, 759]","[24130, 9927, 6648, 4400, 3006, 1720, 1318, 1214, 1331, 1456, 1608, 1704, 1716, 1631, 1431, 1195, 976, 823, 693, 525, 450, 342, 269, 265, 216, 183, 173, 131, 119, 109, 91, 65, 68, 67, 70, 54, 65, 44, 61, 950]","[18185, 8125, 5841, 3717, 2596, 1375, 964, 912, 959, 1106, 1228, 1361, 1227, 1228, 1119, 892, 777, 588, 501, 395, 358, 279, 254, 230, 169, 125, 104, 116, 90, 75, 61, 56, 53, 47, 51, 43, 44, 38, 26, 649]","[16441, 7527, 5088, 3165, 1996, 1236, 988, 1001, 1051, 1190, 1274, 1277, 1236, 1050, 939, 781, 621, 501, 457, 360, 296, 250, 210, 187, 154, 114, 120, 104, 73, 72, 44, 48, 49, 34, 55, 35, 43, 36, 27, 618]","[20390, 9293, 6340, 4526, 2632, 1541, 1182, 979, 1059, 1133, 1235, 1336, 1320, 1300, 995, 843, 736, 616, 481, 439, 338, 303, 246, 210, 176, 124, 127, 113, 113, 90, 90, 69, 64, 59, 54, 49, 44, 37, 36, 776]","[21196, 9240, 6364, 4680, 2482, 1532, 1226, 1097, 1173, 1302, 1426, 1433, 1353, 1224, 1117, 872, 759, 595, 514, 441, 319, 257, 209, 184, 167, 148, 130, 106, 91, 86, 68, 74, 64, 52, 58, 41, 42, 39, 43, 717]","[20850, 9287, 6117, 4175, 2489, 1474, 1237, 1249, 1238, 1314, 1404, 1344, 1206, 1092, 894, 744, 637, 508, 437, 379, 296, 243, 205, 164, 137, 133, 115, 105, 73, 76, 65, 49, 49, 54, 55, 46, 34, 34, 34, 873]","[24860, 11100, 7057, 4480, 2680, 1847, 1436, 1346, 1438, 1488, 1540, 1525, 1420, 1386, 1080, 895, 741, 609, 490, 392, 338, 268, 241, 201, 164, 161, 131, 88, 85, 61, 60, 73, 61, 65, 55, 69, 49, 43, 30, 764]","[22320, 9774, 6089, 3836, 2322, 1486, 1194, 1167, 1188, 1286, 1379, 1444, 1358, 1212, 1095, 895, 708, 599, 489, 387, 314, 269, 191, 174, 144, 133, 118, 90, 83, 70, 70, 49, 33, 39, 37, 34, 36, 37, 26, 658]","[22269, 10638, 6317, 3958, 2045, 1349, 1154, 1131, 1236, 1404, 1536, 1505, 1357, 1229, 976, 800, 741, 582, 442, 359, 318, 233, 221, 178, 142, 150, 120, 106, 72, 70, 53, 54, 61, 60, 55, 47, 30, 29, 39, 620]","[20092, 8970, 4962, 2953, 1564, 1139, 983, 1082, 1313, 1406, 1450, 1384, 1247, 1163, 996, 810, 662, 586, 459, 344, 276, 269, 220, 162, 143, 133, 123, 102, 96, 78, 74, 51, 60, 43, 37, 40, 37, 29, 31, 683]","[21684, 9451, 6312, 4230, 2278, 1485, 1178, 1167, 1328, 1483, 1342, 1462, 1347, 1253, 1041, 873, 743, 594, 499, 441, 315, 299, 271, 230, 150, 133, 113, 117, 87, 71, 73, 75, 56, 59, 60, 44, 41, 40, 35, 723]","[22527, 10345, 6614, 4290, 2334, 1505, 1266, 1307, 1311, 1436, 1383, 1363, 1258, 1068, 912, 799, 712, 575, 478, 390, 295, 285, 236, 189, 188, 127, 142, 119, 97, 103, 78, 75, 69, 58, 53, 50, 44, 42, 48, 844]","[22237, 10361, 6778, 4317, 2865, 1832, 1321, 1274, 1363, 1391, 1458, 1471, 1398, 1296, 1156, 940, 798, 711, 579, 529, 391, 331, 277, 252, 166, 175, 146, 129, 101, 82, 74, 77, 65, 80, 67, 41, 42, 58, 43, 878]","[23972, 11906, 9047, 5470, 3171, 1894, 1340, 1269, 1373, 1477, 1588, 1559, 1656, 1500, 1245, 1046, 873, 770, 587, 540, 419, 346, 254, 229, 192, 186, 140, 102, 113, 84, 73, 61, 59, 59, 61, 48, 52, 48, 45, 849]","[25001, 11469, 7338, 4269, 2468, 1542, 1251, 1141, 1236, 1464, 1665, 1684, 1608, 1458, 1289, 1019, 905, 737, 598, 487, 451, 331, 303, 249, 209, 157, 142, 123, 118, 78, 65, 74, 76, 43, 53, 59, 60, 52, 37, 765]","[21201, 7852, 5004, 3023, 2105, 1186, 1002, 1301, 1435, 1536, 1530, 1456, 1322, 1112, 933, 744, 642, 521, 441, 343, 283, 270, 205, 192, 140, 129, 111, 68, 105, 66, 74, 63, 52, 46, 44, 41, 53, 42, 36, 630]","[15426, 6855, 4205, 2727, 1521, 1094, 822, 851, 877, 984, 1094, 1116, 1148, 1081, 892, 728, 612, 510, 451, 371, 311, 246, 226, 159, 160, 140, 128, 104, 84, 75, 61, 71, 46, 45, 51, 35, 27, 34, 40, 634]"
7,"[52685, 21402, 13027, 7590, 4603, 2878, 2332, 2535, 2928, 3143, 3355, 3322, 3261, 2793, 2428, 2057, 1618, 1362, 1041, 875, 667, 511, 449, 370, 286, 255, 217, 187, 161, 162, 129, 135, 106, 111, 89, 89, 94, 82, 73, 1630]","[70623, 31687, 20363, 11795, 6630, 4056, 2968, 2965, 3183, 3301, 3252, 2932, 2589, 2275, 1805, 1433, 1304, 1073, 843, 765, 546, 498, 438, 373, 317, 249, 255, 192, 185, 152, 138, 126, 106, 121, 104, 116, 90, 88, 84, 1583]","[32689, 14261, 10047, 5958, 3831, 2356, 1620, 1510, 1567, 1704, 1964, 1933, 1945, 1752, 1604, 1309, 1031, 857, 717, 498, 442, 383, 346, 279, 195, 186, 147, 125, 122, 115, 101, 91, 74, 70, 62, 67, 59, 45, 44, 956]","[31735, 14513, 9449, 5614, 3376, 2230, 1653, 1709, 1959, 2058, 2116, 2188, 2053, 1918, 1552, 1290, 1095, 878, 708, 567, 438, 346, 286, 275, 206, 189, 163, 156, 130, 102, 87, 73, 63, 92, 50, 60, 59, 56, 63, 1110]","[48123, 22125, 15259, 9054, 5149, 3266, 2536, 2429, 2555, 2734, 2643, 2596, 2237, 1861, 1551, 1253, 1075, 848, 703, 546, 447, 383, 308, 257, 237, 245, 203, 165, 144, 121, 115, 105, 104, 92, 74, 79, 78, 59, 59, 1304]","[45255, 20702, 13960, 8643, 5150, 3104, 2282, 2124, 2064, 2406, 2423, 2328, 2379, 2072, 1718, 1511, 1235, 1035, 862, 723, 559, 481, 422, 345, 279, 270, 266, 225, 195, 141, 124, 119, 106, 100, 114, 99, 93, 90, 63, 1293]","[43948, 20133, 13756, 8565, 4984, 3402, 2785, 2670, 2794, 2790, 2566, 2273, 1914, 1634, 1346, 1049, 895, 727, 627, 547, 350, 315, 296, 242, 231, 195, 156, 123, 122, 125, 110, 84, 89, 73, 78, 55, 72, 76, 62, 1182]","[52672, 22577, 15160, 9140, 5321, 3334, 2796, 2651, 2697, 2746, 2777, 2510, 2304, 2090, 1659, 1412, 1213, 853, 723, 578, 465, 383, 334, 266, 234, 196, 201, 179, 132, 108, 106, 96, 70, 83, 72, 57, 63, 65, 72, 1190]","[45182, 20771, 13392, 8387, 4770, 2980, 2338, 2025, 2094, 2241, 2334, 2120, 2115, 1987, 1609, 1357, 1084, 850, 676, 534, 430, 368, 276, 231, 201, 200, 168, 127, 106, 98, 79, 84, 66, 74, 50, 55, 69, 50, 67, 1039]","[50456, 26006, 16525, 9352, 4941, 2956, 2267, 2244, 2374, 2580, 2812, 2761, 2487, 2272, 1895, 1510, 1222, 1026, 807, 697, 482, 445, 335, 290, 244, 196, 194, 160, 148, 118, 104, 82, 66, 70, 67, 76, 79, 72, 73, 1145]","[47584, 23589, 14338, 8159, 4191, 2519, 2107, 2185, 2605, 2772, 2785, 2555, 2323, 1877, 1543, 1164, 936, 751, 629, 522, 394, 319, 276, 218, 209, 201, 171, 157, 117, 114, 78, 95, 83, 73, 68, 72, 46, 54, 47, 979]","[45234, 20356, 13245, 7921, 4622, 2865, 2251, 2218, 2292, 2428, 2459, 2325, 2129, 1995, 1804, 1377, 1151, 1022, 775, 680, 551, 471, 359, 323, 273, 273, 215, 186, 164, 135, 131, 128, 101, 128, 114, 94, 74, 86, 104, 1530]","[37102, 16287, 11005, 6445, 3884, 2519, 2085, 2004, 2037, 2002, 2072, 1885, 1821, 1667, 1414, 1127, 967, 779, 649, 527, 445, 334, 315, 257, 248, 204, 174, 164, 124, 110, 95, 83, 87, 76, 54, 76, 71, 65, 56, 1024]","[47394, 22476, 14712, 9237, 5913, 3547, 2504, 2349, 2237, 2392, 2426, 2518, 2390, 2195, 1902, 1631, 1325, 1131, 889, 754, 643, 505, 418, 342, 300, 277, 235, 195, 163, 171, 141, 114, 99, 136, 88, 98, 81, 81, 86, 1521]","[67713, 32124, 22143, 12918, 7369, 4326, 3119, 3167, 3415, 3557, 3467, 3239, 3001, 2544, 2184, 1804, 1484, 1225, 955, 814, 626, 567, 452, 351, 282, 329, 241, 253, 204, 148, 153, 123, 111, 103, 118, 117, 101, 105, 94, 1788]","[25001, 11469, 7338, 4269, 2468, 1542, 1251, 1141, 1236, 1464, 1665, 1684, 1608, 1458, 1289, 1019, 905, 737, 598, 487, 451, 331, 303, 249, 209, 157, 142, 123, 118, 78, 65, 74, 76, 43, 53, 59, 60, 52, 37, 765]","[51512, 23920, 14586, 8205, 4495, 2670, 2087, 2381, 2683, 3010, 3021, 2845, 2450, 2041, 1644, 1314, 1163, 898, 699, 624, 490, 407, 353, 295, 257, 212, 223, 187, 152, 118, 106, 109, 82, 87, 88, 82, 64, 64, 77, 1387]","[29392, 13776, 8811, 5474, 3012, 1870, 1556, 1490, 1667, 1882, 1996, 1990, 1853, 1660, 1407, 1148, 1033, 815, 702, 548, 432, 389, 319, 276, 219, 202, 173, 153, 121, 111, 97, 85, 84, 73, 54, 62, 53, 40, 39, 958]"
8,"[52685, 21402, 13027, 7590, 4603, 2878, 2332, 2535, 2928, 3143, 3355, 3322, 3261, 2793, 2428, 2057, 1618, 1362, 1041, 875, 667, 511, 449, 370, 286, 255, 217, 187, 161, 162, 129, 135, 106, 111, 89, 89, 94, 82, 73, 1630]","[129429, 53515, 34829, 19350, 11178, 6610, 4742, 4497, 4685, 4866, 4729, 4329, 4008, 3283, 2733, 2267, 1879, 1578, 1262, 1027, 858, 678, 571, 505, 409, 377, 358, 290, 286, 211, 203, 178, 170, 188, 141, 173, 154, 151, 158, 2537]","[52203, 22170, 15627, 8862, 5377, 3449, 2590, 2490, 2682, 2594, 2522, 2567, 2523, 2240, 1908, 1504, 1215, 1066, 808, 670, 542, 453, 336, 311, 249, 216, 201, 223, 150, 169, 129, 116, 106, 84, 79, 70, 75, 75, 74, 1338]","[46185, 19393, 12669, 7173, 4439, 2972, 2310, 2404, 2614, 2721, 2680, 2675, 2606, 2250, 1896, 1465, 1268, 922, 769, 648, 530, 431, 365, 297, 237, 255, 211, 156, 161, 111, 110, 113, 87, 87, 87, 95, 79, 69, 73, 1402]","[68530, 32325, 23063, 14135, 8249, 4990, 3858, 3363, 3366, 3444, 3622, 3343, 3101, 2810, 2401, 1913, 1585, 1245, 999, 791, 629, 575, 504, 346, 358, 338, 322, 242, 219, 173, 157, 165, 148, 112, 127, 123, 107, 121, 88, 1991]","[67003, 28813, 18967, 11155, 6908, 4347, 3125, 2878, 2953, 3095, 3058, 2919, 2893, 2659, 2263, 1844, 1655, 1335, 1091, 891, 728, 594, 512, 419, 372, 308, 291, 225, 220, 191, 154, 151, 132, 131, 133, 110, 100, 105, 84, 1680]","[69586, 31578, 21540, 13093, 7793, 5214, 4147, 3783, 3695, 3688, 3333, 3088, 2670, 2334, 1925, 1534, 1282, 1096, 962, 726, 627, 523, 418, 361, 308, 300, 272, 209, 200, 198, 174, 128, 124, 100, 126, 132, 124, 107, 120, 1898]","[68176, 29252, 18797, 11204, 6901, 4317, 3299, 2900, 2884, 2938, 2927, 2885, 2750, 2561, 2246, 1873, 1623, 1233, 1017, 814, 609, 507, 396, 355, 324, 288, 253, 191, 177, 145, 131, 115, 124, 110, 95, 90, 105, 79, 97, 1656]","[72609, 32992, 21082, 11967, 7280, 4518, 3328, 3025, 3018, 3209, 3045, 2843, 2671, 2490, 2112, 1826, 1496, 1212, 994, 803, 618, 565, 447, 342, 309, 324, 256, 232, 158, 147, 128, 134, 113, 102, 99, 100, 85, 94, 98, 1557]","[63145, 31742, 19635, 11229, 6178, 3649, 2794, 2740, 2945, 3086, 3016, 2858, 2673, 2433, 2096, 1675, 1413, 1186, 967, 738, 615, 450, 385, 308, 275, 271, 204, 184, 142, 138, 107, 89, 101, 102, 95, 78, 77, 78, 83, 1641]","[72384, 34607, 21260, 11786, 6200, 3859, 2962, 2914, 3227, 3512, 3531, 3260, 2981, 2584, 2162, 1718, 1385, 1122, 956, 745, 582, 486, 396, 317, 315, 269, 236, 184, 157, 128, 144, 123, 118, 111, 127, 104, 100, 99, 84, 1699]","[66682, 29954, 18983, 11009, 6791, 4206, 3222, 3158, 3237, 3464, 3374, 3136, 2768, 2416, 2048, 1835, 1408, 1219, 911, 757, 634, 570, 437, 418, 340, 276, 252, 232, 179, 197, 159, 113, 122, 119, 122, 106, 98, 109, 89, 1832]","[58014, 26337, 18197, 10492, 6334, 4025, 3071, 2808, 2859, 2759, 2628, 2629, 2444, 2146, 1870, 1555, 1335, 1068, 901, 720, 581, 507, 397, 366, 269, 264, 238, 221, 171, 145, 132, 139, 101, 96, 115, 100, 81, 100, 92, 1505]","[71634, 33895, 23584, 14519, 8614, 5211, 3552, 3193, 3158, 3215, 3336, 3135, 2964, 2570, 2284, 1839, 1516, 1276, 983, 825, 674, 564, 460, 410, 314, 300, 311, 232, 235, 175, 151, 126, 138, 147, 126, 121, 100, 105, 105, 2074]","[128161, 57811, 38513, 22011, 12622, 7348, 5170, 5368, 5610, 5676, 5329, 4829, 4189, 3473, 2828, 2205, 1949, 1441, 1144, 974, 855, 672, 570, 512, 397, 404, 394, 306, 229, 225, 205, 190, 174, 168, 169, 184, 165, 158, 149, 2748]","[72472, 32789, 20236, 11270, 6814, 4356, 3151, 2827, 2881, 2934, 2961, 3061, 2887, 2702, 2308, 1943, 1656, 1305, 1098, 906, 700, 544, 469, 370, 342, 317, 280, 252, 211, 179, 162, 127, 146, 124, 130, 144, 115, 109, 104, 1953]","[51512, 23920, 14586, 8205, 4495, 2670, 2087, 2381, 2683, 3010, 3021, 2845, 2450, 2041, 1644, 1314, 1163, 898, 699, 624, 490, 407, 353, 295, 257, 212, 223, 187, 152, 118, 106, 109, 82, 87, 88, 82, 64, 64, 77, 1387]","[43736, 21106, 14311, 8469, 4601, 2952, 2334, 2172, 2296, 2568, 2661, 2582, 2437, 1980, 1746, 1419, 1230, 968, 800, 671, 594, 433, 382, 301, 269, 209, 238, 190, 135, 142, 98, 114, 99, 79, 78, 94, 84, 68, 70, 1411]"
9,"[88246, 36643, 23029, 12828, 7743, 4740, 3438, 3237, 3425, 3633, 3663, 3518, 3147, 2788, 2251, 1886, 1569, 1262, 1019, 792, 690, 549, 518, 407, 369, 331, 273, 263, 188, 178, 172, 155, 166, 132, 129, 118, 119, 120, 136, 2152]","[142724, 54939, 34682, 18960, 11186, 7005, 5034, 5035, 5257, 5293, 4902, 4593, 4317, 3440, 2897, 2383, 1893, 1540, 1254, 994, 877, 693, 583, 489, 435, 380, 363, 282, 247, 225, 194, 185, 189, 164, 167, 169, 182, 173, 134, 2675]","[67502, 29450, 20131, 11298, 6943, 4473, 3226, 2825, 2684, 2817, 2908, 2828, 2667, 2509, 2110, 1760, 1502, 1246, 1069, 815, 600, 578, 497, 412, 351, 294, 288, 246, 214, 201, 165, 134, 137, 123, 119, 142, 123, 122, 110, 1912]","[70588, 29137, 18182, 10474, 6618, 4064, 3196, 3267, 3509, 3535, 3485, 3554, 3329, 2932, 2458, 1992, 1690, 1315, 1019, 935, 696, 554, 454, 390, 311, 276, 270, 242, 159, 169, 158, 135, 109, 133, 111, 113, 106, 110, 93, 1744]","[82303, 35605, 23458, 14134, 8552, 5496, 4684, 4387, 4241, 4100, 3933, 3615, 3211, 2712, 2231, 1781, 1654, 1365, 1123, 879, 801, 629, 553, 472, 398, 349, 355, 313, 229, 242, 221, 222, 174, 159, 155, 156, 168, 129, 133, 2294]","[67003, 28813, 18967, 11155, 6908, 4347, 3125, 2878, 2953, 3095, 3058, 2919, 2893, 2659, 2263, 1844, 1655, 1335, 1091, 891, 728, 594, 512, 419, 372, 308, 291, 225, 220, 191, 154, 151, 132, 131, 133, 110, 100, 105, 84, 1680]","[88142, 38927, 26210, 15880, 9450, 6239, 4708, 4278, 4239, 4206, 4024, 3433, 2921, 2622, 2076, 1741, 1403, 1151, 970, 773, 658, 561, 462, 378, 336, 322, 285, 269, 201, 220, 141, 154, 148, 130, 140, 139, 124, 99, 122, 1880]","[80869, 33738, 21583, 12565, 7429, 4774, 3671, 3258, 3263, 3265, 3321, 3275, 3075, 2768, 2518, 2035, 1737, 1395, 1097, 882, 715, 582, 499, 375, 353, 321, 268, 239, 230, 183, 154, 157, 155, 135, 131, 127, 129, 123, 118, 2176]","[87772, 40335, 26834, 15710, 8918, 5620, 4198, 3767, 3700, 3878, 3891, 3653, 3125, 2736, 2294, 1893, 1523, 1162, 974, 735, 631, 507, 399, 354, 277, 275, 235, 205, 197, 151, 158, 118, 123, 132, 123, 142, 111, 121, 108, 1683]","[80061, 39485, 25178, 14646, 8107, 4800, 3731, 3476, 3533, 3809, 3751, 3492, 3298, 3032, 2613, 2001, 1759, 1412, 1071, 912, 691, 554, 464, 367, 342, 310, 290, 256, 190, 174, 128, 145, 117, 112, 137, 86, 127, 98, 102, 1791]","[88390, 42854, 26978, 15541, 8361, 4955, 3873, 3608, 3669, 3916, 3676, 3395, 3218, 3013, 2539, 2166, 1834, 1494, 1245, 1079, 840, 651, 577, 481, 454, 383, 306, 290, 246, 210, 197, 160, 157, 130, 150, 143, 136, 125, 125, 2176]","[84125, 35941, 22140, 12395, 7516, 4894, 3928, 4010, 4193, 4196, 3937, 3626, 3322, 2772, 2311, 1914, 1630, 1327, 1103, 881, 687, 570, 483, 418, 364, 335, 259, 267, 202, 164, 149, 142, 144, 144, 132, 126, 130, 125, 110, 1916]","[81111, 35441, 23155, 13418, 7850, 4914, 3744, 3682, 3758, 3741, 3566, 3298, 3075, 2627, 2201, 1723, 1607, 1242, 963, 842, 660, 520, 450, 404, 297, 310, 259, 235, 208, 159, 142, 142, 131, 126, 120, 110, 104, 125, 94, 1923]","[85199, 35771, 22847, 13616, 8011, 5137, 3763, 3600, 3895, 3776, 3549, 3411, 3192, 2836, 2345, 2026, 1707, 1432, 1124, 916, 764, 643, 522, 428, 375, 343, 329, 237, 235, 195, 176, 144, 138, 130, 143, 118, 128, 124, 106, 2424]","[144176, 61773, 38883, 21802, 12561, 7730, 5950, 6184, 6643, 6626, 6279, 5680, 4756, 3949, 3249, 2494, 2046, 1661, 1396, 1120, 932, 730, 660, 553, 479, 478, 443, 357, 299, 257, 220, 204, 200, 190, 213, 183, 188, 183, 165, 3013]","[94335, 41353, 26350, 15248, 9183, 5944, 4406, 4006, 4036, 4180, 4191, 3974, 3606, 3279, 2743, 2305, 1883, 1502, 1254, 1026, 886, 722, 656, 562, 424, 412, 338, 327, 293, 255, 215, 197, 214, 182, 186, 172, 192, 166, 167, 3195]","[83420, 38766, 24125, 13418, 7326, 4589, 3377, 3404, 3587, 3863, 3855, 3620, 3680, 3316, 2890, 2434, 2195, 1691, 1347, 1082, 882, 754, 660, 550, 464, 405, 360, 312, 212, 236, 192, 198, 184, 161, 154, 162, 169, 148, 147, 2217]","[55116, 27041, 18349, 10546, 5790, 3634, 2766, 2754, 3066, 3175, 3215, 3057, 2854, 2476, 2089, 1657, 1378, 1133, 967, 776, 628, 536, 400, 382, 313, 302, 252, 225, 207, 173, 132, 139, 102, 100, 110, 98, 106, 99, 90, 1752]"
10,"[85337, 35885, 21747, 11985, 7314, 4773, 3548, 3348, 3487, 3491, 3396, 3427, 3194, 2747, 2370, 1884, 1550, 1241, 1045, 864, 666, 539, 458, 400, 359, 335, 307, 259, 218, 178, 202, 164, 150, 179, 151, 148, 155, 135, 134, 2282]","[132461, 51612, 33330, 19370, 11393, 7106, 5341, 5413, 5767, 5560, 5263, 5255, 4866, 4338, 3684, 3089, 2597, 2237, 1820, 1449, 1219, 986, 850, 695, 573, 554, 495, 402, 349, 280, 279, 233, 214, 205, 218, 207, 200, 178, 180, 3190]","[69694, 29936, 20708, 12174, 7333, 4686, 3302, 2915, 2753, 2864, 2828, 2695, 2732, 2439, 2233, 1908, 1575, 1293, 1073, 904, 767, 636, 505, 404, 341, 330, 327, 270, 218, 171, 163, 155, 161, 156, 122, 114, 133, 116, 112, 2062]","[74483, 30981, 18491, 10849, 6494, 4357, 3526, 3494, 3600, 3743, 3535, 3649, 3380, 2993, 2492, 2107, 1675, 1361, 1152, 937, 730, 618, 551, 443, 375, 299, 257, 281, 252, 208, 202, 156, 142, 144, 148, 132, 106, 110, 130, 2008]","[84184, 34136, 22077, 12963, 8393, 5434, 4364, 4096, 4069, 3978, 3774, 3558, 3230, 2885, 2648, 2147, 1839, 1559, 1343, 1080, 871, 764, 662, 540, 491, 452, 373, 306, 268, 268, 243, 227, 196, 206, 204, 149, 178, 157, 140, 2603]","[80897, 32726, 21052, 12605, 7731, 4914, 3771, 3400, 3476, 3610, 3619, 3541, 3384, 2924, 2635, 2156, 1874, 1499, 1219, 1083, 922, 752, 634, 492, 436, 418, 387, 355, 271, 273, 226, 183, 179, 182, 176, 169, 155, 130, 151, 2363]","[84504, 34921, 22720, 13662, 8473, 6003, 4895, 4337, 4358, 4045, 3761, 3232, 2889, 2464, 2085, 1756, 1474, 1200, 1011, 883, 722, 588, 479, 431, 383, 361, 314, 255, 228, 229, 206, 180, 160, 148, 177, 151, 140, 149, 119, 2386]","[83273, 32979, 20641, 11893, 7139, 4707, 3724, 3382, 3283, 3346, 3292, 3196, 2956, 2621, 2362, 1932, 1697, 1376, 1113, 927, 794, 615, 598, 468, 423, 439, 379, 317, 308, 242, 254, 207, 219, 194, 179, 191, 192, 169, 204, 3374]","[91752, 38694, 25597, 14684, 8594, 5391, 4420, 4065, 4011, 3967, 3754, 3386, 3068, 2671, 2275, 1847, 1532, 1231, 986, 795, 663, 531, 443, 394, 351, 311, 309, 226, 226, 171, 183, 150, 145, 134, 155, 137, 126, 128, 99, 2042]","[78026, 36951, 23660, 13839, 7815, 4983, 3829, 3609, 3750, 3798, 3616, 3414, 3305, 2970, 2570, 2097, 1700, 1392, 1104, 835, 765, 572, 478, 366, 356, 311, 290, 255, 211, 169, 159, 150, 122, 102, 117, 104, 116, 135, 115, 2102]","[91649, 41855, 26267, 15171, 8326, 5595, 4495, 4237, 4187, 4150, 3926, 3607, 3102, 2743, 2378, 1951, 1664, 1344, 1097, 899, 735, 631, 528, 437, 371, 356, 321, 244, 218, 187, 166, 157, 147, 137, 136, 138, 126, 111, 110, 2080]","[89919, 37118, 23520, 13411, 8142, 5300, 4100, 4064, 4132, 4041, 3943, 3529, 3200, 2796, 2357, 2033, 1702, 1388, 1172, 916, 809, 611, 501, 444, 386, 365, 317, 285, 243, 180, 169, 163, 156, 129, 137, 130, 133, 125, 114, 2008]","[111357, 46836, 30885, 17755, 10393, 6329, 4681, 4415, 4301, 4358, 4210, 4099, 3673, 3256, 2742, 2317, 1873, 1436, 1273, 1048, 814, 683, 610, 491, 420, 407, 369, 320, 274, 234, 199, 168, 190, 191, 193, 154, 165, 153, 147, 2946]","[86511, 37634, 24927, 14799, 9028, 5601, 4145, 3836, 3560, 3832, 3575, 3372, 3203, 2953, 2452, 2110, 1820, 1464, 1171, 1014, 813, 681, 581, 500, 453, 383, 369, 319, 248, 219, 200, 163, 184, 168, 174, 174, 188, 155, 155, 2770]","[130662, 51779, 32072, 18054, 10756, 6805, 5297, 5577, 6023, 5730, 5499, 4793, 4183, 3522, 2700, 2218, 1850, 1401, 1267, 1034, 885, 693, 576, 505, 447, 380, 366, 291, 289, 228, 210, 184, 180, 178, 176, 168, 175, 148, 151, 2968]","[93631, 38903, 23907, 13504, 8395, 5465, 4232, 4048, 4117, 4213, 4219, 4099, 3865, 3247, 2780, 2277, 1885, 1556, 1289, 1048, 856, 732, 565, 530, 451, 432, 334, 338, 273, 206, 218, 203, 179, 148, 174, 177, 169, 168, 132, 2528]","[84862, 38042, 23696, 14116, 7762, 4918, 3675, 3810, 4134, 4247, 4212, 4034, 3746, 3290, 2933, 2340, 2028, 1710, 1314, 1101, 912, 725, 686, 555, 450, 433, 374, 300, 270, 258, 211, 186, 163, 177, 156, 138, 148, 160, 143, 2679]","[61666, 28256, 19138, 11358, 6248, 3973, 3309, 3391, 3622, 3813, 3622, 3371, 3051, 2559, 2167, 1821, 1476, 1149, 945, 731, 628, 514, 425, 362, 330, 277, 252, 225, 186, 185, 142, 124, 120, 102, 104, 98, 96, 104, 102, 1767]"
11,"[85255, 34994, 20073, 11341, 6948, 4588, 3544, 3577, 3560, 3502, 3409, 3351, 3114, 2629, 2150, 1880, 1547, 1292, 1009, 829, 728, 579, 473, 448, 340, 337, 280, 283, 225, 210, 199, 167, 157, 162, 159, 191, 149, 153, 137, 2332]","[125315, 49452, 30721, 17710, 10489, 6675, 5184, 4861, 4979, 4819, 4558, 4305, 4064, 3343, 2915, 2352, 1940, 1591, 1262, 1096, 855, 699, 624, 485, 410, 431, 358, 298, 270, 258, 227, 202, 218, 191, 202, 207, 182, 146, 161, 2874]","[68997, 27809, 18117, 10383, 6467, 4301, 3137, 3050, 3115, 3195, 3243, 3061, 2822, 2521, 2375, 1989, 1800, 1403, 1204, 974, 819, 621, 550, 452, 399, 326, 346, 250, 197, 196, 178, 163, 143, 153, 138, 130, 130, 123, 107, 1994]","[75345, 30486, 17418, 10200, 6237, 4350, 3324, 3268, 3293, 3258, 3241, 3249, 3235, 2897, 2380, 1977, 1537, 1245, 1018, 829, 693, 579, 447, 399, 319, 329, 264, 207, 215, 186, 193, 157, 165, 144, 135, 123, 126, 117, 126, 2213]","[82093, 32635, 21298, 12313, 7795, 5203, 4145, 3867, 3751, 3612, 3616, 3614, 3444, 3120, 2658, 2258, 1961, 1547, 1317, 1130, 888, 762, 613, 505, 456, 388, 372, 299, 260, 229, 247, 213, 146, 184, 173, 170, 149, 161, 144, 2589]","[80197, 33274, 20733, 12254, 7483, 4904, 3760, 3499, 3471, 3539, 3563, 3468, 3252, 2933, 2486, 2141, 1783, 1471, 1205, 1048, 827, 698, 580, 474, 432, 418, 368, 321, 239, 248, 191, 192, 172, 157, 161, 141, 134, 147, 133, 2344]","[82831, 32559, 21183, 12902, 8006, 5308, 4385, 3996, 4083, 4073, 3685, 3291, 2984, 2520, 2081, 1687, 1528, 1218, 1028, 811, 721, 582, 472, 407, 331, 319, 301, 282, 200, 194, 162, 165, 146, 159, 145, 158, 151, 132, 110, 2128]","[78328, 31346, 19423, 11340, 6765, 4716, 4025, 3711, 3630, 3456, 3396, 3059, 2978, 2509, 2227, 1821, 1518, 1219, 1026, 815, 628, 552, 420, 331, 327, 307, 274, 231, 160, 175, 153, 149, 142, 145, 144, 115, 118, 119, 101, 1902]","[82074, 34051, 21712, 12417, 7300, 4772, 3912, 3601, 3587, 3469, 3421, 3147, 2963, 2577, 2236, 1779, 1537, 1257, 1028, 817, 676, 591, 436, 369, 343, 310, 307, 275, 247, 169, 187, 163, 139, 163, 141, 137, 132, 125, 123, 1993]","[78610, 36501, 23134, 13649, 7580, 4841, 3730, 3523, 3305, 3527, 3402, 3261, 3271, 2845, 2533, 2091, 1745, 1440, 1166, 974, 772, 654, 538, 444, 342, 331, 305, 241, 198, 155, 137, 153, 126, 125, 125, 108, 122, 120, 101, 2051]","[90124, 39865, 24908, 14794, 8273, 5567, 4818, 4423, 4554, 4351, 3828, 3535, 3123, 2756, 2287, 1879, 1625, 1302, 1072, 880, 736, 609, 519, 411, 392, 334, 349, 265, 213, 211, 199, 157, 157, 147, 146, 134, 140, 133, 133, 2332]","[91388, 39026, 25027, 14562, 8769, 5760, 4338, 4288, 4352, 4227, 3891, 3738, 3318, 3017, 2483, 1962, 1679, 1367, 1113, 955, 749, 600, 562, 442, 375, 356, 335, 258, 272, 245, 184, 168, 159, 171, 169, 150, 131, 146, 132, 2420]","[97352, 40150, 25136, 14307, 8639, 5495, 4237, 3917, 4046, 3972, 3776, 3671, 3534, 3138, 2588, 2204, 1778, 1497, 1237, 983, 808, 662, 567, 476, 427, 425, 326, 307, 246, 260, 207, 212, 196, 192, 168, 181, 150, 155, 145, 2807]","[81193, 34001, 20518, 12253, 7710, 5206, 3760, 3408, 3389, 3337, 3208, 3235, 3171, 2887, 2539, 2198, 1876, 1580, 1292, 1025, 882, 693, 609, 513, 424, 419, 353, 320, 273, 244, 213, 178, 184, 146, 147, 157, 158, 159, 142, 2996]","[117251, 47251, 30133, 17174, 10104, 6407, 5147, 5124, 5521, 5284, 5096, 4645, 4063, 3511, 2835, 2282, 1816, 1492, 1254, 990, 769, 650, 583, 489, 437, 373, 373, 325, 253, 216, 224, 214, 168, 190, 193, 227, 175, 148, 176, 3125]","[85331, 35816, 21636, 12438, 7699, 5107, 3937, 3698, 3995, 4117, 3915, 3804, 3487, 3065, 2518, 2040, 1775, 1416, 1148, 952, 746, 600, 504, 452, 390, 348, 371, 285, 221, 219, 202, 182, 182, 182, 192, 176, 153, 180, 149, 2530]","[83785, 35593, 21386, 12406, 7192, 4672, 3612, 3826, 4008, 4107, 3714, 3671, 3573, 3265, 2819, 2378, 1992, 1654, 1333, 1057, 866, 690, 581, 502, 439, 375, 318, 247, 231, 193, 182, 139, 133, 142, 132, 117, 104, 120, 120, 2243]","[63092, 29487, 19010, 11351, 6643, 4252, 3364, 3433, 3629, 3735, 3707, 3477, 3233, 2747, 2270, 1743, 1514, 1165, 976, 816, 611, 569, 465, 396, 342, 336, 259, 235, 212, 162, 152, 139, 120, 119, 125, 134, 124, 129, 107, 2062]"
12,"[81806, 33158, 19317, 11079, 6782, 4456, 3591, 3719, 3701, 3488, 3402, 3458, 3248, 2792, 2301, 1905, 1650, 1277, 1107, 863, 757, 569, 535, 382, 354, 360, 317, 249, 227, 191, 167, 181, 129, 153, 132, 148, 141, 149, 137, 2193]","[119849, 46495, 27957, 16279, 9378, 6292, 4749, 4515, 4546, 4593, 4293, 4189, 3863, 3325, 2834, 2361, 1901, 1592, 1354, 1099, 924, 759, 636, 643, 456, 430, 411, 353, 268, 253, 232, 210, 185, 243, 197, 191, 192, 212, 174, 3074]","[71880, 30227, 19467, 11512, 7102, 4680, 3580, 3336, 3372, 3506, 3376, 3069, 2722, 2401, 2001, 1775, 1497, 1207, 1040, 854, 707, 580, 516, 414, 382, 343, 265, 231, 230, 172, 155, 138, 130, 129, 139, 136, 129, 97, 116, 2052]","[77581, 31746, 18032, 10919, 6765, 4440, 3500, 3196, 3283, 3291, 3307, 3318, 3253, 2802, 2367, 1987, 1633, 1322, 1048, 863, 665, 601, 486, 445, 401, 345, 282, 236, 198, 179, 164, 171, 135, 155, 144, 147, 142, 123, 141, 2293]","[85495, 34293, 22605, 13287, 8171, 5621, 4741, 4436, 4350, 4162, 3985, 3619, 3282, 2794, 2387, 1940, 1701, 1399, 1095, 890, 819, 618, 565, 442, 471, 421, 380, 305, 273, 273, 222, 214, 187, 198, 183, 185, 155, 139, 134, 2424]","[83071, 32328, 19743, 11781, 7127, 4735, 3590, 3483, 3561, 3486, 3488, 3409, 3310, 2929, 2666, 2143, 1938, 1471, 1258, 1140, 913, 709, 514, 494, 421, 439, 371, 302, 256, 228, 204, 200, 172, 186, 144, 148, 148, 155, 146, 2286]","[79043, 30888, 19248, 11541, 7194, 4993, 4050, 3821, 3767, 3811, 3415, 3222, 2988, 2546, 2165, 1801, 1613, 1245, 1050, 868, 697, 637, 513, 447, 406, 393, 307, 256, 217, 207, 222, 173, 161, 164, 165, 165, 165, 126, 128, 2065]","[77543, 30157, 18419, 10910, 6686, 4661, 3961, 3501, 3491, 3360, 3261, 3233, 3069, 2672, 2317, 1892, 1614, 1227, 1030, 792, 618, 492, 439, 360, 319, 280, 244, 246, 189, 189, 147, 152, 149, 147, 175, 162, 140, 105, 114, 1813]","[79343, 33223, 21047, 11941, 7197, 4737, 4032, 3768, 3655, 3662, 3582, 3179, 2976, 2480, 2185, 1753, 1446, 1066, 894, 707, 575, 456, 417, 324, 297, 286, 229, 200, 191, 167, 151, 121, 111, 144, 136, 126, 135, 122, 110, 1845]","[77731, 35822, 21752, 13048, 7319, 4510, 3496, 3477, 3298, 3219, 3196, 3257, 3210, 2949, 2620, 2237, 1796, 1418, 1105, 876, 694, 594, 477, 369, 332, 312, 301, 234, 191, 167, 134, 114, 126, 102, 106, 107, 122, 108, 93, 1930]","[89509, 39758, 24580, 15222, 8378, 5697, 4979, 4750, 4928, 4633, 4249, 3631, 3320, 2662, 2317, 1766, 1483, 1256, 1010, 752, 621, 563, 473, 390, 332, 296, 274, 245, 188, 179, 155, 138, 156, 130, 153, 131, 113, 117, 121, 2185]","[91709, 37185, 22475, 13122, 7973, 5220, 4206, 4221, 4346, 4055, 3881, 3640, 3269, 2914, 2507, 2016, 1627, 1326, 1142, 859, 734, 588, 489, 459, 385, 323, 278, 247, 198, 215, 183, 148, 166, 123, 166, 149, 128, 113, 126, 2222]","[91703, 38809, 24656, 14522, 8725, 5444, 4379, 4204, 4081, 4112, 3715, 3619, 3324, 2973, 2557, 2064, 1734, 1370, 1125, 873, 783, 622, 538, 465, 415, 378, 343, 287, 264, 250, 209, 196, 188, 205, 198, 187, 196, 183, 176, 3068]","[85323, 35215, 21673, 12824, 8106, 5197, 3896, 3945, 4116, 4044, 3802, 3544, 3506, 3159, 2674, 2131, 1748, 1401, 1172, 913, 757, 627, 515, 482, 395, 355, 324, 277, 259, 221, 191, 178, 159, 162, 136, 156, 133, 145, 139, 2596]","[115635, 50708, 33941, 20190, 11592, 7072, 5212, 4796, 4850, 4884, 4807, 4573, 4226, 3715, 3155, 2470, 2036, 1754, 1425, 1100, 928, 768, 627, 543, 464, 425, 343, 304, 289, 249, 219, 221, 207, 189, 204, 182, 168, 202, 180, 2971]","[82367, 34513, 20973, 11945, 7267, 4851, 3809, 3707, 3712, 3760, 3784, 4066, 3925, 3467, 3048, 2482, 1958, 1674, 1267, 990, 889, 722, 663, 499, 460, 415, 363, 297, 261, 221, 191, 197, 191, 166, 163, 198, 181, 166, 174, 2538]","[82048, 35006, 21395, 12696, 7090, 4631, 3579, 3545, 3738, 3822, 3652, 3523, 3531, 3262, 2819, 2348, 1993, 1612, 1315, 1043, 868, 709, 557, 490, 432, 401, 346, 271, 229, 190, 176, 151, 182, 147, 148, 136, 129, 152, 136, 2410]","[66742, 30498, 20278, 12675, 7378, 4571, 3414, 3474, 3578, 3711, 3697, 3575, 3331, 2877, 2274, 1871, 1493, 1225, 1020, 829, 654, 555, 458, 379, 327, 293, 292, 233, 226, 188, 173, 140, 138, 136, 131, 155, 135, 122, 131, 2106]"
13,"[87618, 33736, 18951, 10716, 6737, 4474, 3645, 3691, 3827, 3766, 3735, 3611, 3433, 2877, 2336, 1836, 1553, 1245, 924, 815, 664, 554, 471, 356, 333, 314, 282, 251, 215, 198, 185, 158, 149, 138, 144, 118, 141, 123, 138, 2066]","[122149, 46489, 27458, 15643, 9381, 5953, 4643, 4595, 4717, 4649, 4468, 4409, 4039, 3471, 2877, 2334, 1913, 1562, 1334, 1107, 851, 750, 623, 551, 461, 460, 384, 307, 270, 229, 231, 219, 208, 168, 197, 158, 183, 177, 158, 2984]","[74122, 30236, 18437, 10488, 6744, 4441, 3428, 3075, 3064, 3014, 2857, 2935, 2642, 2527, 2175, 2003, 1747, 1385, 1139, 972, 802, 658, 540, 476, 405, 362, 307, 245, 233, 196, 202, 130, 151, 127, 106, 135, 137, 120, 128, 2090]","[77317, 31882, 17894, 10554, 6478, 4618, 3531, 3598, 3666, 3705, 3333, 3362, 3246, 2873, 2439, 1948, 1695, 1390, 1177, 935, 748, 665, 517, 460, 401, 373, 318, 266, 235, 193, 181, 160, 150, 148, 146, 132, 145, 132, 131, 2337]","[86333, 34777, 21970, 13143, 7987, 5587, 4577, 4296, 4249, 4112, 3902, 3602, 3252, 2798, 2335, 1971, 1604, 1320, 1086, 867, 739, 665, 549, 380, 389, 342, 347, 267, 211, 207, 184, 153, 183, 167, 177, 147, 142, 146, 147, 2358]","[78686, 30898, 19213, 11193, 6989, 4752, 3876, 3614, 3613, 3673, 3512, 3424, 3220, 2834, 2408, 1952, 1761, 1362, 1172, 949, 863, 666, 577, 499, 454, 433, 391, 323, 295, 249, 211, 227, 188, 208, 192, 190, 148, 178, 166, 2979]","[79953, 31387, 19776, 11760, 7389, 5048, 4263, 3965, 4024, 3912, 3711, 3297, 3089, 2669, 2178, 1719, 1563, 1187, 940, 833, 654, 527, 450, 407, 362, 328, 236, 217, 171, 190, 160, 171, 155, 172, 140, 149, 127, 125, 123, 2102]","[79537, 31074, 18825, 11191, 6996, 4841, 4378, 4023, 4021, 3852, 3455, 3345, 2915, 2635, 2097, 1748, 1435, 1152, 924, 688, 631, 478, 389, 370, 311, 285, 243, 229, 200, 170, 165, 133, 128, 135, 126, 144, 120, 123, 109, 1938]","[80815, 33562, 21622, 12073, 7423, 4755, 3863, 3379, 3372, 3313, 3099, 3222, 2913, 2785, 2464, 1917, 1617, 1317, 1063, 866, 710, 546, 426, 401, 348, 296, 239, 227, 224, 185, 170, 156, 152, 153, 144, 146, 138, 117, 132, 1941]","[78334, 33158, 19726, 12490, 7611, 4790, 3735, 3555, 3768, 3732, 3676, 3365, 3123, 2867, 2475, 1847, 1602, 1282, 1028, 803, 599, 501, 418, 388, 317, 301, 246, 221, 181, 140, 153, 104, 130, 115, 125, 124, 111, 128, 107, 1826]","[91460, 40402, 24264, 14895, 8680, 5799, 4770, 4594, 4572, 4425, 4157, 3898, 3411, 3046, 2531, 2095, 1641, 1317, 1117, 819, 707, 515, 459, 413, 330, 329, 275, 257, 216, 187, 154, 172, 154, 150, 151, 166, 151, 152, 125, 2309]","[93577, 37408, 23472, 13526, 8238, 5324, 4292, 4038, 4081, 3908, 3754, 3736, 3492, 3043, 2647, 2134, 1737, 1461, 1134, 897, 791, 659, 560, 470, 408, 384, 359, 307, 244, 233, 196, 210, 186, 176, 158, 175, 160, 166, 152, 4007]","[90806, 36901, 22755, 12946, 8076, 5446, 4212, 3946, 3909, 3976, 3954, 3837, 3599, 3187, 2708, 2248, 1947, 1509, 1288, 982, 820, 661, 561, 434, 388, 361, 325, 266, 247, 218, 162, 164, 195, 128, 155, 167, 166, 148, 129, 2725]","[86043, 33477, 19660, 11532, 7364, 4803, 3912, 4134, 4343, 4237, 3899, 3719, 3417, 2880, 2381, 1982, 1549, 1183, 1007, 816, 688, 589, 462, 403, 369, 319, 276, 261, 252, 208, 174, 190, 128, 150, 161, 176, 143, 144, 138, 2583]","[123090, 49768, 29855, 17214, 10263, 6582, 5156, 5370, 5646, 5575, 5160, 5000, 4259, 3651, 2938, 2380, 2029, 1529, 1218, 1024, 894, 752, 605, 478, 399, 399, 363, 328, 297, 243, 202, 202, 193, 225, 210, 184, 161, 156, 145, 2871]","[82331, 32477, 19608, 11233, 6926, 4506, 3919, 4407, 4783, 4496, 4387, 4069, 3702, 3124, 2555, 1982, 1701, 1287, 1086, 846, 751, 584, 491, 468, 344, 359, 313, 295, 216, 201, 188, 194, 164, 156, 147, 166, 150, 146, 126, 2385]","[78104, 32077, 19080, 11752, 6823, 4425, 3499, 3942, 4220, 4149, 3949, 3818, 3516, 3081, 2723, 2104, 1740, 1414, 1164, 886, 777, 586, 545, 429, 395, 338, 329, 246, 213, 189, 165, 162, 125, 147, 142, 115, 117, 124, 125, 2372]","[67578, 30964, 19296, 12209, 6957, 4515, 3626, 3463, 3602, 3638, 3484, 3532, 3202, 2693, 2333, 1881, 1558, 1232, 1097, 878, 737, 602, 490, 421, 376, 343, 308, 261, 228, 179, 157, 140, 171, 160, 143, 139, 132, 109, 123, 2025]"
14,"[83991, 31187, 17698, 10412, 6674, 4443, 3791, 3991, 4286, 4276, 4057, 4068, 3582, 3041, 2479, 1906, 1569, 1252, 1056, 853, 696, 554, 468, 414, 362, 314, 283, 271, 209, 206, 214, 165, 177, 169, 171, 163, 127, 125, 126, 2467]","[119010, 45126, 25754, 14797, 8847, 5884, 4493, 4013, 4305, 4306, 3892, 4025, 3759, 3366, 2848, 2346, 2041, 1666, 1330, 1121, 879, 707, 626, 458, 469, 417, 346, 314, 269, 237, 217, 191, 203, 208, 192, 159, 181, 182, 163, 3182]","[72849, 30529, 18075, 10861, 6789, 4452, 3344, 3081, 3034, 3128, 3236, 3203, 2925, 2667, 2455, 2000, 1767, 1414, 1153, 942, 827, 648, 557, 499, 387, 344, 311, 253, 237, 231, 188, 163, 144, 125, 149, 121, 160, 126, 109, 2280]","[75701, 32350, 18084, 10708, 6330, 4475, 3418, 3346, 3427, 3402, 3074, 3057, 2987, 2786, 2547, 2102, 1846, 1517, 1316, 1060, 871, 735, 597, 517, 434, 400, 369, 310, 257, 250, 215, 193, 166, 156, 148, 152, 136, 152, 127, 2890]","[88095, 35399, 21903, 13195, 7940, 5485, 4667, 4465, 4397, 4430, 4184, 3923, 3624, 3144, 2632, 2075, 1703, 1400, 1162, 945, 755, 591, 530, 442, 412, 373, 318, 277, 240, 226, 171, 159, 148, 168, 172, 148, 134, 132, 138, 2311]","[84356, 34053, 21002, 12369, 7556, 5099, 4006, 3766, 3809, 3863, 3824, 3557, 3573, 3046, 2622, 2088, 1828, 1496, 1196, 997, 818, 716, 617, 500, 474, 442, 370, 346, 289, 240, 223, 239, 208, 207, 195, 177, 143, 153, 149, 2592]","[81978, 33094, 20761, 12396, 7523, 5346, 4439, 4024, 3939, 3809, 3706, 3395, 3051, 2793, 2205, 1829, 1486, 1281, 1011, 874, 627, 567, 476, 419, 398, 313, 264, 257, 203, 203, 201, 153, 169, 143, 162, 122, 120, 152, 119, 2114]","[85494, 33653, 20059, 11339, 6973, 4974, 4478, 4222, 4350, 4240, 4072, 3665, 3222, 2832, 2308, 1780, 1463, 1114, 858, 701, 591, 500, 373, 366, 295, 232, 243, 241, 192, 187, 143, 140, 145, 113, 137, 142, 145, 126, 109, 2012]","[77934, 32467, 20035, 11402, 7112, 4654, 3801, 3285, 3346, 3353, 3239, 3302, 3096, 2796, 2338, 1896, 1558, 1205, 923, 786, 598, 508, 437, 332, 276, 275, 244, 204, 197, 163, 142, 136, 141, 141, 143, 138, 149, 132, 132, 2088]","[77712, 33049, 19007, 11805, 7823, 5007, 3678, 3716, 3730, 3852, 3551, 3488, 3171, 2713, 2315, 1820, 1381, 1087, 974, 700, 588, 480, 414, 347, 285, 262, 215, 206, 154, 146, 142, 100, 122, 117, 114, 102, 103, 108, 116, 1888]","[92939, 39638, 24060, 14654, 8325, 5760, 5379, 5453, 5466, 5147, 4272, 3704, 3247, 2654, 2085, 1592, 1367, 1036, 777, 685, 617, 484, 409, 379, 336, 283, 253, 248, 178, 166, 151, 165, 156, 162, 138, 130, 165, 112, 133, 2258]","[95113, 37589, 22855, 13192, 8042, 5322, 4408, 4048, 4176, 3846, 3746, 3590, 3494, 3062, 2662, 2029, 1758, 1477, 1225, 922, 830, 675, 537, 480, 378, 394, 343, 265, 243, 200, 206, 172, 167, 151, 146, 144, 131, 143, 132, 2256]","[91906, 37584, 22506, 12965, 7873, 5356, 4012, 4179, 4076, 4133, 3885, 3765, 3499, 3058, 2553, 2098, 1709, 1419, 1134, 910, 816, 693, 577, 469, 430, 382, 311, 268, 276, 230, 233, 171, 177, 173, 202, 171, 146, 170, 165, 2857]","[86404, 34803, 20172, 11558, 7206, 4869, 3850, 3760, 3874, 3820, 3580, 3452, 3260, 2836, 2382, 1901, 1576, 1325, 1050, 896, 750, 598, 511, 437, 356, 321, 304, 270, 223, 193, 197, 178, 150, 157, 133, 166, 149, 143, 158, 3033]","[116639, 47293, 28482, 15942, 9525, 6240, 4837, 4694, 4943, 4875, 4602, 4483, 4284, 3732, 3196, 2506, 2053, 1676, 1228, 1145, 908, 797, 679, 588, 480, 499, 404, 328, 280, 287, 238, 231, 202, 219, 204, 207, 208, 184, 146, 3129]","[81884, 33007, 19179, 10681, 6757, 4587, 3478, 3564, 3638, 3799, 3761, 3729, 3523, 3139, 2496, 2044, 1734, 1312, 985, 834, 692, 585, 555, 397, 377, 330, 333, 231, 234, 186, 177, 155, 165, 148, 174, 163, 157, 121, 138, 2472]","[77682, 33107, 19872, 11910, 6771, 4396, 3525, 3554, 3885, 3797, 3786, 3507, 3411, 3156, 2744, 2299, 1981, 1586, 1227, 1007, 835, 699, 572, 518, 413, 362, 344, 312, 235, 192, 204, 146, 148, 135, 142, 142, 130, 127, 113, 2259]","[69915, 31835, 20109, 12165, 7087, 4485, 3476, 3409, 3505, 3326, 3236, 3220, 3074, 2901, 2449, 1941, 1614, 1261, 1082, 814, 677, 516, 454, 382, 352, 316, 290, 212, 171, 150, 152, 141, 148, 112, 144, 130, 123, 117, 105, 2063]"
15,"[78730, 30423, 17257, 9904, 6394, 4225, 3507, 3664, 3855, 3743, 3684, 3649, 3350, 2896, 2375, 1945, 1636, 1265, 972, 799, 668, 550, 472, 377, 339, 353, 267, 228, 203, 194, 178, 183, 159, 156, 167, 160, 157, 140, 121, 2136]","[110469, 43555, 23885, 13813, 8258, 5573, 4116, 4100, 4231, 4141, 3971, 3880, 3529, 3063, 2676, 2142, 1694, 1467, 1139, 853, 786, 597, 539, 463, 388, 358, 340, 284, 256, 223, 215, 219, 220, 190, 188, 171, 185, 181, 140, 2884]","[72291, 29950, 17442, 9980, 6349, 4357, 3407, 3296, 3281, 3220, 3052, 3118, 3065, 2781, 2396, 1985, 1583, 1209, 1010, 914, 686, 541, 491, 365, 329, 309, 280, 228, 210, 168, 159, 178, 122, 110, 113, 117, 118, 114, 142, 2224]","[76275, 31577, 17651, 10302, 6243, 4354, 3499, 3721, 3866, 3858, 3587, 3698, 3218, 2889, 2499, 2027, 1651, 1376, 1099, 891, 792, 662, 520, 426, 401, 355, 279, 221, 222, 198, 195, 157, 130, 163, 144, 148, 146, 139, 127, 2530]","[89936, 36661, 22046, 13286, 7993, 5480, 4821, 4717, 4576, 4377, 4137, 3776, 3597, 2994, 2574, 2067, 1729, 1344, 1144, 910, 757, 635, 507, 447, 384, 369, 270, 273, 235, 187, 196, 154, 181, 161, 147, 138, 143, 132, 108, 2339]","[83465, 33942, 20597, 11775, 7371, 4919, 3991, 4026, 4138, 4107, 4045, 3886, 3651, 3091, 2778, 2128, 1783, 1440, 1180, 939, 744, 648, 577, 486, 416, 396, 368, 296, 225, 266, 202, 201, 165, 170, 153, 179, 164, 117, 134, 2225]","[81240, 33419, 20444, 12129, 7613, 5452, 4889, 4505, 4512, 4107, 3776, 3326, 2867, 2423, 1929, 1620, 1298, 1069, 923, 708, 621, 486, 462, 342, 301, 262, 267, 196, 173, 161, 161, 143, 139, 130, 126, 128, 116, 104, 92, 1940]","[84914, 33832, 20251, 11356, 7177, 4930, 4153, 3882, 3901, 3828, 3618, 3715, 3377, 2891, 2465, 1922, 1610, 1201, 964, 774, 634, 479, 406, 341, 293, 294, 250, 204, 201, 162, 156, 147, 165, 141, 150, 146, 142, 139, 113, 1998]","[79072, 33510, 20305, 11559, 7399, 4685, 3768, 3614, 3710, 3660, 3593, 3450, 3147, 2704, 2272, 1774, 1438, 1184, 946, 746, 567, 483, 392, 298, 284, 285, 247, 199, 179, 168, 145, 129, 118, 125, 129, 142, 129, 117, 116, 1802]","[78047, 32241, 19202, 11722, 8156, 5093, 3737, 3691, 3825, 3868, 3690, 3558, 3249, 2994, 2328, 1894, 1509, 1202, 939, 718, 551, 479, 396, 293, 295, 251, 239, 166, 164, 121, 119, 113, 113, 81, 109, 111, 104, 113, 83, 1767]","[95524, 40158, 23552, 14742, 8327, 5642, 5145, 4868, 4917, 4701, 4303, 4019, 3697, 3193, 2631, 1967, 1618, 1219, 1049, 872, 649, 544, 481, 377, 323, 312, 268, 248, 214, 168, 177, 178, 146, 138, 147, 150, 123, 126, 142, 2355]","[96138, 40110, 24089, 13619, 8217, 5452, 4155, 3920, 4023, 3859, 3569, 3441, 3554, 3314, 2764, 2200, 1836, 1503, 1155, 951, 786, 702, 545, 432, 392, 361, 316, 281, 241, 238, 184, 177, 161, 150, 157, 150, 154, 156, 137, 2313]","[90124, 35982, 20616, 11962, 7470, 4926, 3830, 3789, 3917, 3942, 3762, 3774, 3484, 3031, 2521, 2015, 1672, 1275, 1104, 854, 738, 585, 469, 433, 385, 329, 321, 283, 236, 185, 196, 196, 181, 191, 182, 167, 163, 150, 155, 2707]","[86192, 33745, 18659, 10983, 6878, 4514, 3741, 3789, 3919, 3805, 3667, 3509, 3241, 2878, 2350, 1818, 1561, 1191, 995, 826, 702, 556, 431, 390, 340, 334, 279, 247, 244, 198, 155, 163, 153, 153, 162, 141, 143, 157, 119, 2661]","[104373, 42816, 25516, 14161, 8636, 5620, 4401, 4583, 4759, 4693, 4461, 4342, 4139, 3626, 3105, 2632, 2094, 1707, 1435, 1150, 951, 817, 687, 533, 480, 446, 377, 340, 248, 266, 221, 194, 180, 182, 174, 197, 174, 157, 165, 2675]","[77163, 31053, 17857, 10431, 6576, 4496, 3620, 3464, 3566, 3506, 3643, 3766, 3686, 3204, 2726, 2098, 1826, 1447, 1099, 912, 734, 581, 515, 436, 420, 345, 370, 283, 224, 215, 177, 181, 175, 149, 150, 156, 139, 130, 124, 2286]","[74210, 31478, 18800, 11248, 6363, 4188, 3325, 3470, 3718, 3761, 3603, 3682, 3436, 3222, 2684, 2278, 1885, 1524, 1254, 1014, 816, 649, 544, 449, 434, 343, 317, 243, 232, 191, 142, 136, 128, 159, 139, 130, 149, 121, 147, 2354]","[69438, 30787, 18767, 11558, 6823, 4488, 3721, 3694, 3809, 3630, 3445, 3511, 3424, 2975, 2758, 2201, 1841, 1430, 1192, 913, 780, 630, 514, 484, 392, 368, 315, 256, 226, 184, 180, 157, 148, 137, 157, 111, 138, 110, 100, 2276]"
16,"[71641, 28328, 16148, 9693, 5976, 3985, 3242, 3297, 3413, 3445, 3498, 3543, 3426, 3120, 2551, 2104, 1704, 1243, 1062, 825, 667, 554, 410, 402, 340, 314, 262, 226, 190, 163, 149, 139, 132, 137, 129, 122, 121, 127, 109, 2134]","[149207, 60425, 34418, 19752, 11672, 7291, 5445, 5137, 5351, 5408, 5075, 5179, 4908, 4185, 3697, 2909, 2462, 1832, 1571, 1331, 1032, 848, 648, 570, 520, 490, 446, 338, 329, 286, 270, 269, 215, 224, 240, 258, 233, 209, 194, 3572]","[67798, 28498, 16695, 9805, 6234, 4210, 3293, 3224, 3130, 3007, 2831, 2787, 2605, 2545, 2335, 1919, 1646, 1280, 1086, 859, 718, 585, 525, 386, 347, 319, 311, 245, 224, 179, 174, 187, 142, 157, 132, 157, 148, 145, 140, 2364]","[76647, 32484, 17927, 10517, 6532, 4423, 3448, 3366, 3537, 3562, 3318, 3365, 3245, 2858, 2365, 1956, 1557, 1210, 980, 818, 662, 573, 470, 404, 351, 346, 290, 252, 201, 167, 174, 172, 144, 143, 132, 157, 147, 142, 154, 2346]","[88022, 36298, 22046, 13023, 8127, 5310, 4546, 4292, 4269, 4094, 4264, 3958, 3689, 3231, 2735, 2197, 1665, 1458, 1141, 911, 704, 624, 494, 424, 373, 344, 315, 265, 242, 209, 174, 155, 161, 145, 134, 154, 137, 135, 118, 2217]","[79525, 32976, 20093, 11854, 7182, 4778, 3811, 3601, 3629, 3787, 3679, 3639, 3457, 2923, 2449, 1979, 1636, 1278, 1069, 848, 719, 576, 503, 441, 380, 318, 291, 249, 221, 178, 169, 175, 151, 154, 145, 143, 131, 136, 118, 2113]","[98725, 43230, 26945, 15851, 9581, 6635, 5546, 5078, 5093, 4978, 4257, 3900, 3425, 2848, 2360, 1948, 1569, 1271, 1062, 917, 780, 615, 529, 435, 380, 392, 351, 289, 251, 241, 201, 224, 173, 192, 189, 169, 164, 155, 131, 2342]","[81997, 33005, 19571, 11176, 7034, 4650, 3728, 3444, 3446, 3461, 3537, 3490, 3270, 2999, 2599, 2119, 1649, 1323, 1079, 904, 716, 575, 456, 422, 396, 338, 287, 264, 232, 196, 169, 186, 197, 129, 149, 138, 144, 140, 127, 2287]","[75435, 31678, 19771, 11533, 7188, 4632, 3537, 3317, 3393, 3273, 3226, 3207, 3180, 2857, 2506, 1963, 1623, 1246, 967, 766, 651, 522, 413, 312, 271, 260, 245, 187, 150, 147, 117, 110, 116, 106, 114, 100, 119, 104, 111, 1803]","[77982, 32676, 18819, 12038, 7521, 4861, 3600, 3755, 3835, 3668, 3517, 3423, 3239, 2829, 2380, 1984, 1612, 1200, 990, 772, 654, 516, 435, 340, 335, 259, 249, 212, 203, 148, 133, 125, 120, 83, 122, 112, 125, 106, 104, 1936]","[95327, 40946, 24055, 14598, 8634, 5866, 5169, 5256, 5451, 5025, 4390, 3980, 3428, 2833, 2430, 1864, 1479, 1210, 988, 771, 631, 568, 395, 424, 330, 337, 293, 220, 202, 174, 214, 162, 153, 147, 153, 161, 145, 128, 118, 2491]","[90397, 36982, 22079, 12674, 7915, 5137, 4151, 4062, 4042, 3864, 3713, 3686, 3409, 3172, 2712, 2184, 1748, 1442, 1101, 897, 736, 655, 511, 432, 390, 360, 299, 244, 248, 170, 183, 138, 143, 142, 147, 149, 115, 134, 134, 2191]","[86034, 34874, 19716, 11783, 7281, 4725, 3688, 3482, 3711, 3541, 3491, 3355, 3122, 2818, 2466, 1959, 1574, 1329, 1080, 872, 705, 606, 513, 407, 345, 344, 277, 265, 233, 224, 191, 212, 183, 137, 158, 149, 147, 124, 133, 2661]","[82408, 33635, 19499, 11199, 7258, 4779, 3731, 3554, 3507, 3436, 3406, 3354, 3249, 3062, 2653, 2126, 1706, 1385, 1132, 918, 737, 663, 545, 465, 393, 335, 327, 237, 215, 197, 170, 163, 159, 159, 146, 127, 154, 116, 123, 2319]","[92745, 37773, 22577, 13055, 7892, 5071, 3962, 4214, 4382, 4367, 4194, 4029, 3911, 3569, 2957, 2415, 1988, 1581, 1237, 970, 808, 659, 606, 472, 477, 389, 342, 288, 221, 202, 222, 172, 173, 192, 160, 173, 149, 154, 155, 2741]","[73656, 30791, 17826, 10325, 6481, 4239, 3378, 3606, 3871, 3774, 3658, 3524, 3378, 3041, 2414, 1935, 1592, 1195, 943, 746, 594, 491, 406, 338, 330, 299, 289, 218, 171, 155, 147, 130, 169, 156, 182, 129, 174, 137, 127, 2253]","[74001, 30094, 17058, 9987, 6125, 3985, 3147, 3375, 3766, 3814, 3539, 3655, 3516, 3214, 2724, 2293, 1977, 1539, 1254, 972, 782, 650, 494, 472, 373, 360, 304, 217, 207, 188, 156, 146, 143, 117, 115, 115, 127, 131, 127, 2275]","[73109, 31841, 19631, 11967, 7111, 4653, 3683, 3582, 3865, 3747, 3601, 3630, 3424, 2918, 2676, 2062, 1767, 1400, 1088, 891, 741, 562, 446, 385, 352, 345, 300, 261, 198, 214, 190, 157, 143, 174, 153, 159, 154, 167, 139, 2800]"
17,"[69582, 27628, 15835, 9340, 5542, 3799, 3280, 3428, 3576, 3516, 3348, 3372, 3177, 2779, 2350, 1859, 1623, 1262, 1017, 834, 621, 504, 419, 384, 297, 261, 254, 229, 167, 176, 160, 161, 112, 148, 143, 163, 144, 147, 130, 2219]","[139101, 57848, 32851, 19294, 11256, 6899, 5054, 4897, 5070, 5077, 4838, 4730, 4426, 3795, 3192, 2619, 2165, 1759, 1304, 1152, 917, 780, 645, 550, 495, 401, 392, 318, 292, 233, 213, 219, 182, 184, 191, 196, 167, 167, 179, 2939]","[65612, 26850, 15953, 9475, 5838, 3935, 3088, 3139, 3233, 3124, 3009, 2980, 2840, 2636, 2485, 1910, 1533, 1196, 914, 776, 633, 514, 436, 307, 325, 282, 270, 172, 163, 151, 148, 123, 124, 117, 108, 116, 116, 108, 111, 1824]","[75429, 30772, 16981, 10016, 6252, 4293, 3267, 3270, 3465, 3497, 3325, 3393, 3320, 2914, 2489, 1943, 1636, 1300, 1025, 782, 683, 572, 440, 391, 327, 294, 214, 245, 206, 183, 177, 166, 129, 132, 119, 125, 139, 111, 126, 2178]","[85513, 36464, 22070, 13158, 7895, 5257, 4382, 4072, 4030, 3920, 3909, 3828, 3648, 3184, 2771, 2327, 1835, 1484, 1192, 916, 830, 669, 603, 459, 443, 367, 333, 326, 245, 223, 216, 175, 178, 166, 173, 156, 154, 141, 153, 2543]","[77021, 33040, 19988, 12140, 7120, 4890, 4092, 3698, 3942, 3825, 3854, 3611, 3403, 2925, 2351, 1887, 1576, 1243, 1021, 846, 658, 598, 422, 399, 326, 310, 263, 216, 175, 159, 153, 148, 164, 154, 167, 167, 157, 136, 114, 2067]","[88448, 39930, 24852, 14897, 8773, 5726, 4728, 4463, 4565, 4543, 4198, 3866, 3355, 2830, 2305, 1814, 1496, 1164, 964, 803, 648, 518, 430, 381, 331, 275, 246, 249, 194, 168, 181, 148, 135, 142, 162, 160, 136, 142, 141, 2211]","[74168, 31336, 18451, 10746, 6600, 4289, 3795, 3546, 3674, 3708, 3622, 3341, 3166, 2670, 2327, 1804, 1351, 1039, 831, 635, 538, 427, 357, 296, 236, 261, 211, 177, 160, 145, 127, 124, 121, 100, 131, 107, 108, 92, 118, 1818]","[70308, 30284, 18252, 10714, 6500, 4288, 3377, 2979, 2966, 2892, 2842, 2902, 2770, 2712, 2268, 1866, 1506, 1238, 999, 864, 605, 499, 480, 356, 315, 297, 264, 226, 199, 164, 173, 139, 151, 134, 111, 102, 123, 107, 103, 1760]","[72641, 30930, 18160, 11159, 6909, 4260, 3379, 3433, 3613, 3607, 3567, 3391, 3151, 2714, 2270, 1865, 1535, 1154, 897, 750, 561, 499, 413, 301, 281, 259, 207, 223, 163, 143, 134, 122, 89, 105, 120, 117, 122, 114, 109, 1834]","[98274, 42041, 24364, 15241, 9021, 6284, 5717, 5413, 5256, 4913, 4296, 3759, 3387, 2837, 2364, 1807, 1473, 1224, 957, 829, 618, 589, 453, 422, 337, 333, 265, 243, 204, 200, 165, 174, 165, 142, 145, 141, 135, 125, 134, 2382]","[87329, 36538, 21861, 12829, 7834, 5062, 4042, 4033, 4052, 3877, 3756, 3556, 3439, 3001, 2584, 2122, 1784, 1364, 1225, 965, 751, 630, 551, 474, 344, 350, 313, 285, 208, 213, 209, 166, 183, 162, 168, 138, 147, 130, 129, 2540]","[83490, 35011, 19698, 11991, 7318, 4943, 3656, 3527, 3532, 3593, 3489, 3259, 3244, 2896, 2540, 2068, 1745, 1355, 1153, 944, 724, 642, 546, 458, 400, 345, 322, 264, 277, 206, 206, 181, 159, 184, 152, 155, 156, 139, 149, 2707]","[79879, 32646, 18676, 11381, 7266, 4776, 3736, 3465, 3470, 3613, 3448, 3430, 3266, 2983, 2488, 2119, 1740, 1400, 1135, 969, 721, 616, 530, 472, 383, 355, 311, 301, 223, 183, 162, 131, 132, 132, 127, 124, 129, 123, 116, 2182]","[90547, 37986, 22477, 13336, 7573, 4833, 3989, 4306, 4627, 4609, 4286, 4150, 3873, 3625, 2939, 2388, 1932, 1607, 1296, 1077, 846, 699, 602, 512, 459, 391, 347, 276, 265, 240, 200, 183, 143, 157, 145, 153, 162, 157, 144, 2484]","[67860, 28926, 17161, 9880, 6282, 4131, 3222, 3283, 3519, 3477, 3268, 3290, 3172, 2785, 2436, 1956, 1516, 1211, 933, 762, 678, 501, 410, 356, 300, 251, 261, 220, 201, 145, 154, 132, 135, 123, 140, 141, 121, 129, 118, 2048]","[72630, 29763, 17251, 10500, 6153, 4269, 3232, 3483, 3691, 3649, 3487, 3444, 3326, 3088, 2551, 2140, 1870, 1482, 1113, 954, 801, 656, 547, 451, 372, 336, 330, 255, 250, 183, 172, 156, 149, 144, 131, 148, 134, 137, 129, 2269]","[75715, 34319, 20535, 12665, 7551, 4811, 3732, 3520, 3644, 3643, 3571, 3437, 3482, 3116, 2766, 2279, 1794, 1417, 1153, 923, 746, 582, 476, 392, 384, 326, 315, 265, 207, 176, 172, 152, 122, 124, 153, 134, 136, 115, 124, 2157]"
18,"[71823, 28989, 16242, 9694, 5899, 3959, 3505, 3540, 3837, 3905, 3600, 3422, 3223, 2856, 2261, 1908, 1508, 1198, 940, 804, 655, 536, 485, 392, 349, 315, 242, 248, 220, 196, 157, 168, 186, 158, 166, 149, 165, 143, 133, 2331]","[127638, 54963, 31661, 18599, 10821, 6636, 5284, 5245, 5560, 5310, 4828, 4488, 3982, 3380, 2910, 2329, 1930, 1452, 1193, 1016, 831, 685, 594, 492, 426, 344, 352, 299, 264, 185, 212, 188, 189, 205, 159, 176, 165, 147, 150, 2834]","[66492, 28349, 17071, 10248, 6307, 4188, 3123, 3142, 3193, 3247, 3037, 2908, 2916, 2661, 2430, 1874, 1489, 1240, 987, 768, 638, 541, 434, 354, 301, 320, 255, 214, 199, 149, 144, 123, 144, 131, 117, 118, 135, 114, 131, 2077]","[81062, 34466, 18511, 10787, 6561, 4723, 3652, 3457, 3680, 3716, 3427, 3412, 3342, 2904, 2480, 2003, 1569, 1343, 1055, 915, 691, 602, 505, 427, 375, 362, 348, 304, 231, 179, 189, 177, 168, 178, 157, 185, 153, 156, 162, 2490]","[94806, 40167, 23340, 13703, 7869, 5517, 4439, 4496, 4576, 4427, 4455, 4468, 4183, 3636, 2988, 2494, 1975, 1659, 1270, 1027, 877, 716, 606, 553, 457, 398, 394, 289, 240, 229, 196, 185, 170, 179, 161, 165, 154, 132, 137, 2361]","[83684, 35631, 20953, 12329, 7142, 4806, 4116, 4021, 4286, 4352, 4243, 3904, 3554, 2963, 2418, 1949, 1560, 1139, 994, 816, 646, 531, 444, 366, 330, 294, 247, 237, 211, 163, 161, 159, 138, 105, 142, 130, 121, 116, 106, 1993]","[85963, 38457, 22875, 13571, 7942, 5487, 4526, 4189, 4453, 4403, 4224, 3665, 3294, 2884, 2234, 1830, 1503, 1165, 1001, 858, 678, 533, 515, 441, 392, 343, 302, 260, 206, 189, 183, 163, 169, 159, 155, 161, 127, 133, 133, 2436]","[77197, 32710, 18696, 10779, 6370, 4386, 3673, 3566, 3766, 3584, 3508, 3365, 3215, 2790, 2351, 1936, 1525, 1236, 918, 730, 578, 475, 398, 355, 320, 276, 254, 207, 162, 152, 164, 129, 141, 139, 132, 132, 113, 123, 127, 2111]","[66512, 29864, 17601, 10135, 6095, 3896, 3140, 2890, 2966, 2899, 2913, 2732, 2600, 2406, 2041, 1768, 1444, 1191, 905, 750, 570, 459, 368, 308, 240, 231, 241, 209, 174, 143, 139, 122, 98, 119, 121, 91, 104, 113, 100, 1817]","[74290, 31900, 18249, 10667, 6198, 4160, 3138, 3101, 3344, 3359, 3273, 3215, 3105, 2929, 2423, 1971, 1636, 1257, 966, 774, 615, 533, 411, 299, 309, 262, 237, 216, 150, 159, 129, 128, 120, 123, 120, 105, 114, 110, 111, 1945]","[105857, 44580, 25581, 15349, 8490, 5947, 4973, 4647, 4740, 4779, 4337, 4137, 3854, 3498, 2840, 2294, 1820, 1465, 1140, 966, 766, 667, 554, 453, 414, 405, 382, 294, 254, 220, 222, 180, 158, 191, 182, 146, 176, 169, 151, 2678]","[91352, 39121, 23115, 13615, 7675, 5181, 4361, 4540, 4759, 4547, 4080, 3776, 3587, 2973, 2520, 1986, 1726, 1238, 1087, 838, 716, 556, 502, 386, 352, 302, 293, 245, 197, 181, 176, 151, 141, 133, 142, 131, 139, 140, 121, 2213]","[85423, 36622, 20459, 12561, 7350, 5001, 3812, 3642, 3801, 3792, 3520, 3495, 3314, 3061, 2685, 2132, 1793, 1310, 1144, 953, 729, 665, 555, 487, 439, 371, 328, 295, 263, 220, 201, 177, 174, 178, 172, 151, 145, 143, 145, 2873]","[82101, 33618, 18761, 11385, 6737, 4736, 3662, 3514, 3661, 3662, 3442, 3514, 3420, 3130, 2552, 2206, 1846, 1408, 1171, 920, 785, 629, 514, 454, 368, 350, 289, 222, 196, 170, 186, 137, 135, 146, 143, 163, 122, 148, 147, 2452]","[92215, 39445, 21657, 12334, 7013, 4929, 3709, 3930, 4221, 4271, 4155, 4179, 3932, 3548, 3064, 2486, 2089, 1663, 1287, 1047, 868, 785, 645, 494, 443, 382, 361, 309, 254, 221, 219, 216, 173, 189, 171, 185, 163, 149, 157, 2685]","[66723, 29206, 17065, 9939, 5782, 3887, 3163, 3147, 3621, 3721, 3601, 3489, 3236, 2926, 2407, 2011, 1544, 1318, 1022, 821, 612, 549, 443, 352, 333, 303, 277, 255, 189, 175, 150, 132, 121, 116, 113, 140, 125, 125, 119, 2020]","[74653, 30009, 17098, 9946, 5669, 3805, 3189, 3380, 3622, 3710, 3576, 3577, 3427, 3046, 2601, 2108, 1672, 1381, 1085, 900, 741, 621, 514, 437, 356, 351, 301, 238, 195, 199, 175, 160, 126, 149, 128, 125, 127, 116, 106, 2064]","[80876, 36146, 20982, 12759, 7235, 4965, 3985, 3925, 4181, 4134, 3904, 3647, 3516, 3044, 2656, 2136, 1772, 1453, 1058, 851, 703, 597, 503, 456, 315, 348, 306, 230, 199, 174, 173, 159, 155, 124, 120, 112, 105, 130, 126, 2269]"
19,"[77798, 31658, 16945, 9978, 5928, 4124, 3540, 3461, 3683, 3775, 3621, 3627, 3327, 2918, 2517, 1957, 1669, 1304, 1138, 830, 686, 549, 472, 414, 339, 329, 270, 254, 180, 190, 162, 157, 113, 115, 127, 122, 126, 114, 103, 2187]","[137263, 55810, 30067, 17339, 10004, 6817, 5758, 5841, 6046, 5898, 5245, 4821, 4169, 3509, 2857, 2295, 1791, 1483, 1227, 993, 843, 709, 560, 489, 439, 424, 341, 297, 256, 218, 220, 216, 187, 202, 201, 184, 168, 193, 170, 2954]","[69683, 30460, 17042, 10019, 5976, 4133, 3196, 3181, 3357, 3374, 3203, 3090, 3026, 2863, 2590, 2122, 1801, 1394, 1106, 914, 775, 641, 568, 423, 362, 353, 286, 250, 215, 184, 154, 151, 134, 144, 115, 119, 121, 112, 97, 2253]","[86431, 36133, 18937, 10671, 6469, 4625, 3654, 3622, 3886, 3824, 3688, 3588, 3492, 3236, 2758, 2163, 1848, 1502, 1208, 1017, 789, 673, 588, 558, 448, 436, 360, 312, 301, 223, 228, 210, 186, 181, 161, 157, 148, 148, 121, 2727]","[102252, 44341, 24895, 14817, 8825, 5914, 4833, 4697, 4791, 4749, 4822, 4662, 4452, 3953, 3385, 2722, 2202, 1762, 1414, 1119, 915, 748, 622, 581, 474, 417, 355, 313, 236, 268, 239, 201, 173, 165, 178, 165, 140, 145, 152, 2632]","[91155, 40097, 23067, 13655, 7578, 5191, 4552, 4362, 4415, 4403, 4326, 4187, 3978, 3433, 2942, 2309, 1855, 1474, 1248, 995, 789, 695, 550, 539, 408, 345, 319, 301, 238, 218, 193, 176, 154, 160, 173, 174, 162, 158, 120, 2282]","[90688, 39982, 23183, 13986, 8054, 5528, 4520, 4223, 4293, 4287, 4126, 3915, 3665, 3366, 2774, 2329, 1895, 1586, 1308, 1167, 894, 769, 620, 560, 505, 451, 381, 360, 326, 266, 226, 206, 192, 188, 189, 167, 183, 167, 141, 2413]","[83312, 36115, 20085, 11854, 7049, 4940, 4060, 4134, 4352, 4272, 4002, 3508, 3238, 2899, 2402, 1875, 1544, 1199, 969, 780, 662, 501, 458, 350, 286, 254, 259, 217, 191, 156, 162, 141, 112, 135, 137, 125, 125, 122, 125, 2190]","[71732, 32579, 18861, 10883, 6407, 4205, 3312, 3048, 3176, 3310, 3175, 3138, 2950, 2482, 2028, 1553, 1308, 1045, 862, 698, 567, 416, 382, 307, 268, 260, 234, 167, 157, 145, 123, 108, 106, 117, 108, 89, 95, 102, 98, 1637]","[77962, 32286, 17803, 10395, 6066, 4126, 3340, 3427, 3896, 3755, 3656, 3350, 3315, 2936, 2396, 1940, 1566, 1177, 998, 794, 584, 533, 420, 362, 285, 292, 247, 188, 176, 149, 138, 131, 111, 126, 115, 111, 105, 106, 88, 1890]","[113666, 50253, 26790, 15687, 9082, 6344, 5474, 5363, 5494, 5042, 4637, 4178, 3982, 3534, 2988, 2441, 1986, 1466, 1234, 989, 820, 712, 599, 504, 453, 404, 335, 341, 253, 237, 205, 192, 173, 178, 198, 190, 168, 161, 156, 2826]","[101388, 45128, 25506, 14543, 8308, 5683, 4636, 4236, 4141, 4019, 3621, 3546, 3506, 3270, 2982, 2584, 2212, 1868, 1548, 1329, 1088, 817, 735, 603, 507, 461, 398, 329, 288, 226, 214, 202, 160, 154, 147, 135, 115, 137, 129, 2302]","[90367, 39332, 21379, 12948, 7927, 5488, 4445, 4470, 4706, 4735, 4174, 3680, 3390, 2993, 2430, 2001, 1560, 1250, 1039, 857, 731, 607, 519, 411, 382, 323, 285, 254, 209, 182, 181, 193, 157, 149, 149, 144, 148, 147, 145, 2887]","[88665, 38131, 21148, 12639, 7524, 5196, 4517, 4363, 4332, 4303, 4060, 3652, 3455, 3140, 2607, 2211, 1761, 1415, 1128, 967, 740, 637, 546, 470, 418, 379, 320, 288, 262, 208, 194, 185, 157, 189, 155, 141, 150, 143, 124, 2539]","[99943, 43103, 23942, 13768, 7779, 5175, 3975, 3784, 4008, 4165, 3894, 3934, 3850, 3562, 3135, 2537, 2241, 1742, 1461, 1182, 970, 766, 637, 537, 433, 405, 367, 323, 274, 244, 214, 214, 173, 163, 178, 157, 142, 170, 143, 2785]","[70351, 30435, 17138, 9643, 5682, 3846, 3067, 3145, 3538, 3556, 3473, 3556, 3476, 3152, 2604, 2065, 1829, 1385, 1163, 918, 699, 626, 526, 423, 359, 307, 298, 234, 199, 174, 161, 116, 137, 144, 149, 120, 119, 108, 119, 2079]","[78658, 32072, 18025, 10457, 5967, 3964, 3464, 3985, 4460, 4438, 4246, 4043, 3626, 3136, 2523, 1990, 1682, 1353, 1067, 823, 705, 621, 493, 416, 371, 328, 307, 252, 197, 166, 143, 162, 143, 141, 149, 125, 134, 131, 131, 2132]","[87907, 38678, 22096, 13029, 7636, 5133, 4025, 4238, 4367, 4399, 4222, 3901, 3707, 3283, 2858, 2203, 1849, 1457, 1210, 946, 734, 649, 483, 415, 378, 348, 276, 256, 196, 184, 172, 138, 146, 131, 156, 145, 144, 127, 134, 2398]"
20,"[85687, 36894, 18821, 10803, 6500, 4593, 4104, 4158, 4459, 4197, 3798, 3618, 3291, 2819, 2399, 1869, 1549, 1160, 963, 871, 713, 568, 422, 380, 334, 319, 254, 229, 172, 164, 152, 150, 147, 156, 157, 147, 140, 154, 142, 2472]","[153054, 64005, 33654, 19205, 10916, 7191, 5622, 5394, 5519, 5601, 5243, 4993, 4523, 4165, 3601, 2963, 2424, 1927, 1615, 1310, 1135, 951, 780, 697, 525, 527, 488, 403, 325, 298, 273, 256, 241, 232, 203, 228, 214, 240, 202, 3849]","[77704, 35323, 19431, 11446, 6718, 4664, 3718, 3711, 3920, 3918, 3601, 3350, 3110, 2922, 2584, 2128, 1855, 1411, 1182, 967, 783, 707, 552, 518, 465, 336, 346, 297, 241, 200, 197, 160, 185, 148, 157, 149, 134, 150, 141, 2509]","[91652, 39386, 21585, 12272, 7042, 5146, 3931, 3892, 4074, 4195, 3880, 3773, 3740, 3302, 2836, 2380, 1902, 1549, 1238, 983, 796, 709, 551, 478, 428, 376, 351, 296, 264, 259, 199, 189, 190, 169, 198, 170, 154, 169, 156, 2887]","[114268, 47922, 26885, 16114, 9662, 6607, 5277, 4767, 4819, 4795, 4726, 4340, 4135, 3757, 3380, 2773, 2344, 2015, 1673, 1361, 1134, 999, 789, 723, 661, 569, 532, 389, 382, 342, 313, 282, 253, 210, 237, 230, 223, 213, 184, 5320]","[96809, 42952, 24686, 14301, 8032, 5462, 4271, 3671, 3502, 3603, 3602, 3484, 3500, 3186, 2932, 2538, 2252, 1931, 1615, 1275, 1082, 932, 752, 648, 583, 487, 467, 412, 376, 323, 295, 286, 245, 234, 255, 226, 195, 199, 190, 6146]","[100549, 44773, 25349, 14630, 8847, 6120, 4978, 4880, 4980, 4916, 4685, 4148, 3868, 3285, 2862, 2295, 1847, 1525, 1237, 1050, 875, 757, 585, 478, 423, 397, 386, 302, 269, 204, 194, 176, 181, 164, 170, 144, 145, 121, 125, 2371]","[92534, 39827, 21762, 12753, 7503, 5251, 4219, 4022, 4034, 4139, 3900, 3908, 3784, 3581, 3042, 2561, 2083, 1689, 1339, 1079, 866, 676, 590, 501, 447, 372, 355, 290, 280, 217, 190, 170, 182, 174, 148, 134, 153, 137, 119, 2195]","[79928, 35556, 19629, 11439, 6583, 4419, 3375, 3094, 3216, 3203, 3189, 3151, 3231, 2924, 2658, 2102, 1710, 1337, 1011, 836, 632, 499, 415, 343, 312, 294, 236, 205, 170, 152, 143, 128, 124, 97, 109, 114, 94, 88, 92, 1816]","[84714, 35630, 19494, 11620, 6856, 4510, 3782, 3421, 3615, 3821, 3690, 3722, 3627, 3240, 2691, 2181, 1772, 1453, 1143, 846, 719, 589, 435, 359, 326, 296, 257, 195, 164, 160, 124, 117, 118, 143, 104, 122, 113, 122, 110, 1848]","[123364, 55179, 30655, 17622, 10187, 7186, 6181, 6116, 6126, 5775, 5259, 4625, 4240, 3868, 3109, 2680, 2238, 1774, 1439, 1212, 1021, 885, 709, 604, 487, 465, 455, 350, 320, 280, 219, 223, 204, 189, 160, 190, 194, 146, 148, 3155]","[112585, 50171, 27244, 15657, 9149, 6279, 5262, 4944, 4787, 4515, 4255, 4032, 3955, 3582, 3104, 2527, 2044, 1680, 1352, 1140, 912, 709, 597, 546, 428, 410, 353, 321, 264, 195, 217, 197, 172, 198, 173, 167, 189, 156, 146, 2983]","[96326, 43188, 23569, 13678, 8177, 5636, 4493, 4257, 4615, 4629, 4050, 3861, 3595, 3167, 2732, 2160, 1804, 1410, 1233, 934, 805, 746, 589, 530, 432, 411, 416, 307, 263, 233, 211, 183, 175, 162, 157, 159, 143, 145, 134, 2977]","[94398, 41662, 22961, 13701, 8061, 5317, 4373, 4138, 4454, 4484, 4188, 3999, 3657, 3317, 2977, 2405, 1945, 1611, 1312, 1064, 834, 733, 631, 488, 423, 451, 341, 309, 236, 232, 187, 167, 206, 177, 177, 167, 175, 158, 116, 3164]","[107951, 48898, 26718, 15768, 8949, 6015, 4682, 4639, 4999, 5036, 4843, 4605, 4298, 3802, 3162, 2570, 2087, 1628, 1375, 1156, 906, 754, 637, 565, 473, 424, 381, 351, 267, 229, 228, 199, 207, 162, 158, 157, 144, 122, 170, 2754]","[78531, 33412, 18451, 10419, 6145, 4218, 3546, 3999, 4345, 4334, 4135, 3989, 3483, 3076, 2622, 2082, 1650, 1274, 1031, 850, 634, 577, 456, 367, 347, 320, 262, 244, 167, 199, 147, 155, 116, 105, 116, 112, 90, 130, 113, 2023]","[84357, 34655, 18224, 10370, 6140, 4062, 3571, 4185, 4587, 4284, 4034, 3651, 3483, 3055, 2595, 1946, 1815, 1405, 1094, 929, 755, 682, 530, 486, 406, 359, 318, 266, 204, 189, 171, 160, 143, 141, 146, 127, 118, 137, 92, 2272]","[93123, 41766, 23997, 13559, 7867, 5485, 4540, 4436, 4692, 4696, 4455, 4189, 3913, 3494, 2852, 2362, 1933, 1562, 1262, 1073, 803, 738, 615, 527, 427, 396, 379, 291, 265, 214, 223, 207, 173, 173, 160, 161, 165, 163, 161, 3061]"
21,"[87567, 37863, 19974, 11201, 6416, 4640, 3920, 4014, 4048, 4140, 3702, 3603, 3214, 2822, 2481, 1981, 1719, 1244, 1104, 868, 722, 574, 481, 443, 366, 324, 286, 249, 214, 197, 159, 166, 144, 131, 141, 141, 135, 125, 146, 2235]","[153282, 62877, 33792, 19687, 10554, 7134, 5643, 5311, 5557, 5497, 5352, 4833, 4622, 4152, 3637, 3020, 2503, 2109, 1770, 1415, 1144, 1014, 807, 715, 598, 597, 479, 411, 338, 301, 262, 281, 251, 224, 221, 202, 226, 217, 201, 3525]","[77931, 34976, 18811, 10913, 6367, 4282, 3447, 3326, 3548, 3581, 3242, 3065, 2998, 2811, 2565, 2170, 1896, 1613, 1326, 1155, 1024, 818, 743, 589, 531, 433, 396, 348, 246, 246, 213, 185, 185, 164, 170, 145, 137, 162, 129, 2524]","[88000, 39175, 21164, 12103, 6905, 4812, 3823, 3429, 3595, 3813, 3764, 3784, 3623, 3433, 2933, 2456, 2015, 1612, 1271, 1015, 844, 721, 563, 525, 412, 398, 323, 331, 252, 195, 205, 186, 166, 183, 180, 159, 162, 165, 145, 2687]","[106418, 46860, 26960, 16441, 9773, 6685, 5401, 4693, 4549, 4509, 4598, 4423, 4254, 4031, 3493, 2983, 2591, 2141, 1778, 1417, 1109, 1006, 807, 664, 633, 534, 470, 373, 363, 318, 271, 228, 229, 223, 201, 220, 196, 174, 177, 3290]","[96809, 42952, 24686, 14301, 8032, 5462, 4271, 3671, 3502, 3603, 3602, 3484, 3500, 3186, 2932, 2538, 2252, 1931, 1615, 1275, 1082, 932, 752, 648, 583, 487, 467, 412, 376, 323, 295, 286, 245, 234, 255, 226, 195, 199, 190, 6146]","[102586, 46020, 25727, 15068, 8765, 6259, 5079, 4743, 4813, 4822, 4660, 4299, 3946, 3595, 3039, 2484, 2035, 1614, 1383, 1081, 854, 714, 586, 523, 441, 412, 337, 301, 261, 212, 199, 210, 175, 152, 170, 158, 150, 147, 146, 2807]","[93278, 40481, 22388, 13018, 7565, 5212, 4653, 4641, 4872, 4921, 4718, 4667, 4177, 3745, 3007, 2497, 1968, 1484, 1114, 918, 769, 602, 518, 418, 337, 348, 316, 241, 220, 206, 152, 151, 151, 137, 166, 150, 138, 140, 153, 2170]","[84864, 37707, 20479, 11903, 6879, 4475, 3674, 3331, 3433, 3427, 3403, 3442, 3299, 3162, 2744, 2310, 1807, 1434, 1104, 854, 673, 538, 458, 397, 372, 326, 254, 208, 177, 184, 144, 139, 112, 102, 112, 125, 128, 105, 106, 1935]","[86796, 38181, 21312, 12465, 7204, 4826, 3836, 3979, 4244, 4344, 4160, 3893, 3749, 3314, 2639, 2104, 1680, 1267, 1038, 848, 688, 528, 406, 347, 338, 305, 238, 239, 172, 160, 152, 120, 127, 117, 126, 139, 120, 107, 134, 2036]","[116308, 52765, 29441, 16983, 9410, 6468, 5778, 5355, 5480, 5364, 4894, 4502, 4003, 3615, 3194, 2477, 2146, 1711, 1367, 1102, 912, 763, 617, 532, 444, 384, 388, 311, 277, 229, 225, 204, 184, 151, 166, 143, 173, 168, 158, 2836]","[110678, 50021, 27110, 15902, 8772, 6360, 5075, 4860, 4734, 4652, 4216, 3995, 4056, 3749, 3229, 2669, 2321, 1844, 1481, 1137, 963, 792, 667, 564, 505, 443, 438, 349, 282, 247, 244, 202, 193, 189, 183, 172, 162, 177, 158, 3038]","[97047, 44517, 24707, 14612, 8671, 5589, 4431, 4114, 4181, 4016, 3794, 3536, 3430, 3088, 2799, 2283, 1961, 1554, 1378, 1103, 883, 829, 674, 551, 544, 407, 396, 362, 293, 234, 260, 215, 196, 194, 199, 166, 179, 159, 160, 3295]","[96341, 42109, 23504, 13949, 8282, 5572, 4449, 4490, 4792, 4605, 4293, 3876, 3564, 3098, 2599, 2099, 1788, 1448, 1139, 959, 829, 639, 575, 511, 408, 429, 361, 339, 292, 249, 221, 199, 197, 182, 203, 171, 175, 169, 180, 3385]","[107244, 49182, 27086, 15114, 8467, 5779, 4693, 4889, 5080, 5115, 4736, 4294, 3834, 3432, 2682, 2282, 1826, 1461, 1248, 945, 772, 753, 574, 442, 454, 391, 362, 322, 282, 230, 238, 202, 163, 187, 203, 191, 160, 183, 171, 2883]","[77348, 34038, 19123, 10975, 6542, 4415, 3606, 3550, 3688, 3705, 3596, 3625, 3568, 3245, 2826, 2398, 1983, 1474, 1261, 1029, 855, 732, 581, 475, 418, 373, 345, 264, 233, 229, 192, 157, 142, 122, 128, 136, 120, 106, 129, 2230]","[90475, 38435, 20276, 11265, 6467, 4327, 3518, 3776, 4135, 4002, 3792, 3786, 3656, 3287, 2855, 2384, 1911, 1509, 1231, 959, 805, 660, 599, 490, 464, 409, 329, 318, 242, 209, 216, 191, 160, 178, 178, 163, 164, 151, 145, 2934]","[94114, 42367, 23788, 13673, 7388, 5109, 4316, 4710, 4985, 4975, 4795, 4265, 3906, 3251, 2695, 2115, 1819, 1373, 1105, 962, 741, 613, 577, 479, 407, 364, 333, 298, 239, 203, 208, 172, 160, 171, 166, 140, 156, 161, 140, 2740]"
22,"[77389, 32092, 16677, 9313, 5392, 3833, 3314, 3759, 4090, 4073, 3841, 3505, 3221, 2783, 2282, 1828, 1530, 1206, 1006, 733, 676, 510, 448, 343, 304, 312, 262, 199, 191, 144, 144, 134, 133, 128, 147, 107, 136, 123, 128, 2137]","[136452, 55293, 29783, 16378, 8721, 5952, 4697, 5093, 5705, 5731, 5258, 4780, 4310, 3515, 2865, 2260, 1798, 1465, 1154, 967, 806, 657, 522, 474, 431, 419, 375, 304, 247, 223, 200, 176, 164, 161, 163, 169, 169, 150, 145, 2567]","[69809, 31418, 17741, 10015, 5742, 4049, 3054, 2918, 3004, 3002, 2966, 2830, 2872, 2668, 2450, 2123, 2003, 1695, 1334, 1080, 890, 754, 572, 474, 417, 376, 314, 270, 231, 214, 196, 156, 158, 153, 148, 121, 121, 137, 139, 2252]","[76307, 33096, 18955, 10724, 6082, 4079, 3120, 2917, 3078, 3420, 3359, 3441, 3332, 3100, 2602, 2135, 1674, 1413, 992, 833, 689, 549, 471, 403, 327, 324, 287, 234, 199, 157, 159, 161, 145, 130, 136, 142, 131, 123, 142, 2121]","[89421, 37687, 21336, 12413, 7142, 5059, 4226, 4056, 4419, 4607, 4554, 4101, 3701, 3196, 2645, 2054, 1666, 1267, 1102, 862, 693, 598, 494, 408, 343, 360, 277, 271, 197, 195, 128, 179, 141, 143, 144, 133, 128, 142, 113, 2259]","[82760, 36923, 20991, 12126, 6877, 4657, 3805, 3677, 3943, 4116, 4113, 3913, 3727, 3223, 2665, 2056, 1743, 1396, 1119, 894, 755, 590, 531, 420, 404, 391, 318, 229, 211, 177, 178, 130, 132, 137, 162, 140, 117, 122, 106, 1976]","[86556, 37816, 21371, 12046, 6893, 5026, 4325, 4035, 4346, 4385, 4099, 3707, 3254, 2895, 2359, 1913, 1614, 1257, 1031, 821, 678, 575, 470, 406, 376, 362, 300, 251, 201, 168, 167, 144, 153, 127, 144, 155, 147, 138, 138, 2213]","[82321, 35715, 19692, 11487, 6573, 4585, 3753, 3653, 3947, 3927, 3718, 3609, 3435, 2791, 2418, 1810, 1441, 1092, 856, 712, 549, 427, 375, 337, 267, 284, 223, 202, 174, 161, 146, 147, 137, 117, 142, 132, 117, 115, 121, 1965]","[76363, 33534, 18244, 10472, 5806, 3967, 3322, 3508, 3649, 3771, 3712, 3318, 2846, 2446, 2035, 1611, 1254, 1000, 809, 578, 477, 436, 354, 304, 238, 249, 212, 180, 159, 151, 115, 121, 93, 123, 119, 143, 123, 136, 122, 1822]","[81022, 35766, 19897, 11364, 6374, 4253, 3523, 3745, 4090, 4282, 4174, 3771, 3456, 2981, 2366, 1932, 1571, 1195, 907, 774, 590, 505, 390, 379, 294, 264, 264, 186, 186, 168, 135, 132, 108, 122, 122, 109, 130, 117, 93, 1859]","[97447, 42849, 24175, 13335, 7654, 5360, 4828, 5035, 5248, 5009, 4405, 3877, 3539, 2980, 2440, 1940, 1628, 1234, 1033, 831, 710, 558, 473, 379, 376, 341, 291, 279, 195, 181, 177, 185, 150, 158, 160, 150, 150, 153, 136, 2236]","[89952, 39235, 21974, 12514, 7060, 4832, 4059, 4140, 4095, 4248, 3986, 3598, 3376, 3046, 2557, 2073, 1718, 1355, 1096, 919, 751, 583, 500, 420, 358, 372, 300, 231, 197, 175, 187, 149, 153, 155, 153, 171, 157, 145, 149, 2321]","[84358, 39488, 23028, 13904, 7959, 5400, 4322, 4019, 4152, 3921, 3654, 3386, 3356, 2936, 2632, 2248, 1841, 1511, 1266, 975, 866, 734, 601, 516, 439, 336, 342, 280, 216, 227, 185, 158, 169, 148, 149, 138, 152, 142, 142, 2443]","[86513, 37076, 20711, 11886, 6787, 4632, 3654, 3782, 3977, 3874, 3665, 3471, 3328, 3003, 2523, 2050, 1669, 1352, 1149, 946, 763, 633, 493, 454, 388, 316, 282, 244, 216, 176, 194, 128, 127, 122, 127, 143, 133, 110, 132, 2372]","[94646, 42823, 22808, 12740, 7191, 4741, 4031, 4325, 4603, 4750, 4530, 4057, 3529, 2966, 2448, 1911, 1505, 1263, 994, 828, 725, 572, 469, 413, 357, 338, 268, 258, 193, 200, 184, 145, 165, 152, 165, 149, 146, 132, 137, 2423]","[73124, 31384, 16981, 9806, 5652, 3797, 3271, 3378, 3652, 4065, 3963, 3783, 3609, 3250, 2675, 2105, 1733, 1317, 1094, 888, 731, 623, 504, 407, 329, 354, 282, 223, 207, 182, 162, 149, 166, 125, 116, 130, 126, 101, 120, 2130]","[83924, 34737, 18289, 10003, 5537, 3958, 3308, 3804, 4417, 4280, 4114, 3956, 3596, 3054, 2585, 2074, 1727, 1302, 1073, 820, 745, 608, 531, 413, 384, 351, 327, 235, 224, 188, 170, 148, 149, 130, 118, 150, 126, 112, 117, 2363]","[78782, 35393, 19962, 11614, 6347, 4330, 3622, 3699, 4021, 4137, 3971, 3608, 3299, 2727, 2280, 1808, 1430, 1201, 929, 809, 642, 489, 467, 393, 353, 302, 275, 224, 200, 172, 187, 144, 138, 166, 139, 150, 153, 165, 157, 2553]"
23,"[57337, 24274, 12970, 7463, 4390, 2931, 2483, 2695, 2983, 3134, 2995, 3019, 2646, 2356, 1935, 1570, 1279, 1051, 840, 658, 546, 414, 365, 337, 260, 233, 222, 191, 167, 135, 119, 126, 115, 120, 95, 111, 105, 91, 107, 1795]","[94798, 37933, 19651, 10845, 6148, 4238, 3350, 3663, 4210, 4272, 3837, 3658, 3274, 2885, 2313, 1820, 1492, 1239, 969, 812, 646, 616, 458, 379, 314, 285, 249, 248, 206, 178, 161, 145, 144, 149, 154, 141, 129, 131, 127, 2204]","[56205, 23331, 12911, 7169, 4083, 2835, 2581, 2709, 2860, 2992, 2658, 2546, 2343, 2232, 1921, 1440, 1127, 943, 707, 586, 503, 413, 330, 273, 246, 212, 183, 163, 136, 105, 124, 96, 92, 115, 105, 112, 93, 99, 95, 1432]","[57335, 24376, 12849, 7145, 4130, 2869, 2349, 2387, 2620, 2763, 2663, 2750, 2656, 2385, 1992, 1618, 1346, 993, 810, 635, 515, 417, 368, 274, 222, 245, 186, 182, 139, 151, 124, 106, 106, 84, 99, 106, 101, 97, 87, 1530]","[65624, 27708, 15581, 8928, 5057, 3390, 2838, 2837, 2997, 3229, 3153, 2948, 2778, 2476, 2073, 1607, 1231, 980, 856, 672, 514, 460, 370, 307, 260, 258, 215, 165, 149, 123, 136, 109, 115, 107, 117, 109, 105, 130, 90, 1616]","[58992, 24618, 12990, 7988, 4607, 3076, 2465, 2386, 2436, 2841, 2748, 2838, 2640, 2346, 2031, 1680, 1297, 1052, 796, 658, 555, 422, 411, 297, 246, 240, 219, 161, 165, 140, 111, 111, 102, 112, 103, 92, 113, 104, 94, 1566]","[63310, 26760, 14970, 9035, 5001, 3528, 3069, 3081, 3402, 3479, 3395, 2856, 2467, 2037, 1695, 1324, 1093, 829, 651, 577, 471, 415, 359, 281, 255, 211, 194, 148, 121, 132, 102, 114, 109, 102, 99, 126, 98, 106, 99, 1563]","[61810, 26396, 13925, 8066, 4706, 3220, 2801, 2571, 2829, 2856, 2950, 2837, 2793, 2478, 2079, 1618, 1327, 995, 770, 622, 452, 382, 321, 264, 228, 201, 176, 163, 136, 115, 97, 104, 98, 98, 134, 130, 105, 106, 119, 1554]","[58537, 25704, 13860, 8038, 4534, 3241, 2623, 2679, 3030, 3026, 2861, 2695, 2484, 2130, 1764, 1413, 1134, 907, 659, 538, 427, 370, 309, 273, 223, 206, 193, 181, 144, 142, 123, 104, 110, 94, 89, 98, 77, 88, 81, 1473]","[65136, 27637, 14579, 8155, 4559, 3157, 2747, 3027, 3341, 3418, 3285, 3083, 2898, 2424, 2056, 1562, 1276, 970, 801, 616, 489, 412, 366, 268, 232, 240, 202, 160, 152, 128, 121, 101, 106, 103, 86, 93, 98, 109, 81, 1545]","[70025, 29818, 16074, 9125, 5060, 3685, 3316, 3701, 4058, 3958, 3614, 3131, 2628, 2300, 1832, 1345, 1157, 919, 719, 564, 482, 403, 335, 282, 277, 203, 245, 169, 151, 130, 124, 108, 107, 123, 97, 100, 100, 104, 80, 1607]","[68339, 29463, 15793, 8678, 4863, 3392, 3105, 3303, 3637, 3688, 3332, 3152, 2682, 2286, 1829, 1456, 1136, 931, 766, 644, 464, 392, 347, 251, 225, 238, 229, 166, 134, 146, 114, 97, 99, 107, 110, 113, 107, 123, 97, 1601]","[65765, 28027, 15481, 8821, 5060, 3460, 3017, 3503, 3645, 3427, 3111, 3075, 2701, 2419, 2024, 1635, 1359, 1021, 804, 633, 519, 481, 378, 340, 268, 269, 232, 192, 158, 143, 125, 129, 115, 100, 113, 103, 112, 100, 107, 1668]","[63621, 26122, 14128, 8034, 4772, 3237, 2812, 3010, 3372, 3479, 3211, 2934, 2758, 2449, 1956, 1608, 1346, 1050, 821, 648, 563, 482, 386, 357, 312, 272, 248, 232, 158, 140, 133, 123, 113, 122, 81, 110, 93, 112, 111, 1749]","[72641, 29981, 15481, 8316, 4506, 3270, 3014, 3447, 3873, 3935, 3584, 3240, 2816, 2442, 1936, 1521, 1250, 973, 769, 663, 540, 476, 380, 307, 292, 258, 207, 198, 171, 168, 147, 145, 149, 143, 134, 123, 145, 119, 125, 1836]","[57830, 24640, 13898, 7660, 4302, 2928, 2624, 2970, 3513, 3603, 3358, 3150, 2820, 2416, 1962, 1579, 1244, 987, 774, 639, 559, 451, 355, 315, 269, 255, 211, 171, 146, 136, 138, 122, 92, 97, 131, 97, 110, 109, 103, 1597]","[66736, 26539, 14176, 7870, 4322, 2968, 2560, 2798, 3209, 3240, 3264, 3241, 3100, 2707, 2324, 1931, 1614, 1200, 973, 795, 649, 523, 421, 352, 281, 305, 236, 185, 174, 128, 119, 124, 128, 109, 124, 116, 107, 117, 114, 1942]","[57546, 25384, 14137, 8034, 4732, 3041, 2567, 2650, 2986, 3162, 3149, 3147, 2841, 2445, 1861, 1505, 1193, 953, 767, 598, 477, 401, 338, 284, 255, 261, 196, 182, 167, 140, 133, 128, 113, 111, 103, 110, 117, 128, 88, 1960]"
